url,biến đổi khí hậu,ứng phó với biến đổi khí hậu,thiên tai,thiên tai khí hậu,nhiệt độ trung bình tăng,biển dâng,nước biển dâng,tầng ozone,khí nhà kính,co₂,methane,giảm nhẹ khí thải,giảm phát thải,thích ứng khí hậu,khoa học và công nghệ,năng lượng tái tạo,tài chính khí hậu,climate finance,chính sách,pháp luật về môi trường,tác động môi trường,tác động xã hội,tác động kinh tế,xu hướng thời tiết cực đoan,đô thị hóa,quy hoạch đô thị,mất đa dạng sinh học,cháy rừng,rừng phòng hộ,rừng,an ninh khí hậu,an ninh lương thực
https://vnexpress.net/bien-doi-khi-hau-lam-dich-benh-bung-phat-nhanh-hon-4946856.html,1,0,1,0,0,1,1,0,0,0,0,0,0,0,0,0,0,0,0,0,0,0,0,0,1,0,0,0,0,1,0,0
https://vnexpress.net/gioi-phan-tich-phan-ung-viec-ong-trump-goi-bien-doi-khi-hau-la-tro-lua-bip-4944001.html,13,0,0,0,0,1,1,0,3,0,0,0,0,0,0,0,0,0,0,0,0,0,0,0,0,0,0,0,0,0,0,0
https://vnexpress.net/tong-thong-trump-goi-bien-doi-khi-hau-la-tro-lua-bip-giua-dai-hoi-dong-lien-hop-quoc-4943662.html,5,0,0,0,0,0,0,0,0,0,0,0,0,0,0,1,0,0,2,0,0,0,0,0,0,0,0,0,0,0,0,0
https://vnexpress.net/hon-100-usd-mot-bat-com-cau-gai-o-nhat-vi-bien-doi-khi-hau-4931710.html,2,0,0,0,0,0,0,0,0,0,0,0,0,0,0,1,0,0,0,0,0,0,1,0,0,0,0,0,0,0,0,0
https://vnexpress.net/ong-trump-cat-gan-8-ty-usd-tai-tro-cac-du-an-nang-luong-sach-4946827.html,1,0,0,0,0,0,0,0,0,0,0,0,0,0,0,1,0,0,0,0,0,0,0,0,0,0,0,0,0,0,0,0
https://vnexpress.net/quoc-gia-dau-tien-phai-di-cu-vi-bien-doi-khi-hau-4921285.html,1,0,0,0,0,1,1,0,0,0,0,0,0,0,0,0,0,0,0,0,0,0,0,0,0,0,0,0,0,0,0,0
https://vnexpress.net/khung-hoang-can-nuoc-o-kenh-dao-panama-4946790.html,3,0,0,0,0,0,0,0,0,0,0,0,0,0,0,0,0,0,0,0,0,0,0,0,0,0,0,0,0,0,0,0
https://vnexpress.net/chinh-phu-yeu-cau-nghien-cuu-chinh-sach-ung-pho-bien-doi-khi-hau-4883750.html,4,3,3,0,0,0,0,0,1,0,0,0,0,0,0,1,0,0,0,0,0,0,0,0,0,0,0,0,0,0,0,0
https://vnexpress.net/ly-do-bao-mua-thu-thuong-du-doi-4942979.html,1,0,0,0,0,0,0,0,0,0,0,0,0,0,0,0,0,0,0,0,0,0,0,0,0,0,0,0,0,0,0,0
https://vnexpress.net/anh-hut-co2-tu-nuoc-bien-de-doi-pho-bien-doi-khi-hau-4875959.html,3,0,0,0,0,0,0,0,0,0,0,0,0,0,0,1,0,0,0,0,0,0,0,0,0,0,0,0,0,0,0,0
https://vnexpress.net/nhung-anh-huong-cua-bien-doi-khi-hau-nam-2024-4833138.html,6,0,0,0,0,0,0,0,0,0,0,0,1,0,0,0,0,0,1,0,0,0,0,0,0,0,0,2,0,4,0,0
https://vnexpress.net/apple-va-cuoc-chien-ngam-chong-bien-doi-khi-hau-4830751.html,2,0,0,0,0,0,0,0,1,0,0,0,2,0,0,3,0,0,0,0,0,0,0,0,0,0,0,0,0,0,0,0
https://vnexpress.net/ba-benh-truyen-nhiem-co-the-bung-phat-khi-bien-doi-khi-hau-4864728.html,5,0,0,0,0,0,0,0,0,0,0,0,0,0,0,0,0,0,0,0,0,0,0,0,2,0,0,0,0,0,0,0
https://vnexpress.net/leonardo-dicaprio-ong-trump-phot-lo-bien-doi-khi-hau-4808663.html,4,0,0,0,0,0,0,0,0,0,0,0,0,0,0,0,0,0,0,0,0,0,0,0,0,0,0,0,0,1,0,0
https://vnexpress.net/mua-san-moi-giua-bien-doi-khi-hau-cua-nghe-nuoi-chim-ung-nuoc-my-4856430.html,4,0,0,0,0,0,0,0,0,0,0,0,0,0,0,0,0,0,0,0,0,0,0,0,0,0,0,0,0,2,0,0
https://vnexpress.net/thanh-pho-nghin-tuoi-cho-cat-vui-vi-bien-doi-khi-hau-4854305.html,4,0,0,0,0,0,0,0,0,0,0,0,0,0,0,0,0,0,0,0,0,0,0,0,0,0,0,2,0,2,0,0
https://vnexpress.net/diem-yeu-cua-bac-kinh-truoc-khung-hoang-khi-hau-4930289.html,2,0,0,0,0,0,0,0,0,0,0,0,0,0,0,0,0,0,1,0,0,0,0,0,0,1,0,0,0,0,0,0
https://vnexpress.net/ke-hoach-dua-soi-tro-lai-scotland-de-chong-bien-doi-khi-hau-4851367.html,1,0,0,0,0,0,0,0,0,0,0,0,0,0,0,0,0,0,1,0,0,0,0,0,0,0,0,0,0,5,0,0
https://vnexpress.net/cuoc-chien-cua-cac-nha-khoa-hoc-voi-bien-doi-khi-hau-4850459.html,3,0,0,0,0,2,2,0,4,0,3,0,1,0,0,0,0,0,0,0,0,0,0,0,0,0,0,1,0,1,0,0
https://vnexpress.net/bien-doi-khi-hau-khien-chuot-tang-manh-o-nhung-thanh-pho-lon-4845275.html,0,0,0,0,0,0,0,0,0,0,0,0,0,0,0,0,0,0,0,0,0,0,0,0,0,0,0,0,0,0,0,0
https://vnexpress.net/nghi-van-bien-doi-khi-hau-gay-chay-rung-ky-luc-o-los-angeles-4838569.html,8,0,0,0,0,0,0,0,1,0,0,0,0,0,0,0,0,0,0,0,0,0,0,0,0,0,0,14,0,14,0,0
https://vnexpress.net/loai-ca-dat-nhat-the-gioi-bi-de-doa-boi-bien-doi-khi-hau-4828192.html,2,0,0,0,0,0,0,0,0,0,0,0,0,0,0,0,0,0,0,0,0,0,0,0,0,0,0,0,0,0,0,0
https://vnexpress.net/runner-my-chay-dua-cung-bien-doi-khi-hau-4759849.html,11,0,0,0,0,0,0,0,0,0,0,0,0,0,0,0,0,0,0,0,0,0,0,0,0,0,0,1,0,1,0,0
https://vnexpress.net/hoa-hau-bao-ngoc-noi-ve-bien-doi-khi-hau-tai-cop-29-4818706.html,3,0,0,0,0,0,0,0,0,0,0,0,0,0,0,0,1,0,0,0,0,0,0,0,0,0,0,0,0,0,0,0
https://vnexpress.net/trung-quoc-phat-trien-sieu-khoai-tay-chong-chiu-bien-doi-khi-hau-4822992.html,0,0,0,0,0,0,0,0,0,0,0,0,0,0,0,0,0,0,0,0,0,0,0,0,0,0,0,0,0,0,0,0
https://vnexpress.net/khi-hau-truoc-nguy-co-kho-cuu-van-do-bang-tan-o-nam-cuc-4931204.html,1,0,0,0,0,2,2,0,0,0,0,0,0,0,0,0,0,0,0,0,0,0,0,0,0,0,0,0,0,0,0,0
https://vnexpress.net/cop29-dat-thoa-thuan-ho-tro-nuoc-ngheo-300-ty-usd-chong-bien-doi-khi-hau-4819668.html,5,0,0,0,0,0,0,0,0,0,0,0,0,0,0,0,1,0,0,0,0,0,0,0,0,0,0,0,0,0,0,0
https://vnexpress.net/ngu-dan-anh-kho-so-vi-qua-nhieu-bach-tuoc-4932572.html,0,0,0,0,0,0,0,0,0,0,0,0,0,0,0,0,0,0,0,0,0,0,0,0,0,0,0,0,0,0,0,0
https://vnexpress.net/chau-au-chia-re-vi-dieu-hoa-4917969.html,3,0,0,0,0,0,0,0,0,0,0,0,0,0,0,0,0,0,0,0,0,0,0,0,0,0,0,0,0,0,0,0
https://vnexpress.net/toan-cau-thiet-hai-2-000-ty-usd-vi-bien-doi-khi-hau-4815183.html,8,0,0,0,0,0,0,0,0,0,0,0,0,0,0,0,0,0,1,0,0,0,1,0,0,0,0,0,0,0,0,0
https://vnexpress.net/nam-dat-nhat-the-gioi-bi-de-doa-boi-bien-doi-khi-hau-4814934.html,1,0,0,0,0,0,0,0,0,0,0,0,0,0,0,0,0,0,0,0,0,0,0,0,0,0,0,0,0,3,0,0
https://vnexpress.net/ong-trump-tin-bien-doi-khi-hau-la-tro-lua-ra-sao-4814750.html,12,0,0,0,0,0,0,0,0,0,0,0,1,0,0,0,3,0,5,0,0,0,0,0,0,0,0,0,0,0,0,0
https://vnexpress.net/rung-amazon-co-the-bien-mat-trong-100-nam-toi-4926294.html,5,0,0,0,0,0,0,0,0,0,0,0,0,0,0,0,0,0,0,0,0,0,0,0,0,0,0,1,0,20,0,0
https://vnexpress.net/chu-tich-quoc-hoi-keu-goi-asean-hop-tac-ung-pho-bien-doi-khi-hau-4806071.html,1,0,1,0,0,0,0,0,0,0,0,0,0,0,0,0,0,0,2,0,0,0,0,0,0,0,0,0,0,0,0,1
https://vnexpress.net/dai-duong-dang-nong-len-nhanh-hon-gap-4-lan-4844498.html,5,0,0,0,0,1,1,0,2,1,0,0,0,0,0,0,0,0,0,0,0,0,0,0,0,0,0,0,0,0,0,0
https://vnexpress.net/ke-hoach-rai-bot-sat-xuong-thai-binh-duong-ngan-bien-doi-khi-hau-4793644.html,1,0,0,0,0,0,0,0,1,0,0,0,0,0,0,0,0,0,0,0,0,0,0,0,0,0,0,0,0,0,0,0
https://vnexpress.net/bien-doi-khi-hau-khien-la-nina-co-yeu-to-di-thuong-4791345.html,6,0,4,0,0,0,0,0,1,0,0,0,0,0,0,0,0,0,0,0,0,0,0,0,0,0,0,0,0,2,0,0
https://vnexpress.net/bien-doi-khi-hau-thien-tai-de-doa-nganh-thuy-san-4791206.html,2,0,1,0,0,0,0,0,1,0,0,0,1,0,0,1,0,0,0,0,0,0,0,0,0,0,0,0,0,0,0,0
https://vnexpress.net/nhung-dong-vat-gay-hai-chien-thang-bien-doi-khi-hau-4774285.html,5,0,0,0,0,0,0,0,1,0,0,0,0,0,0,0,0,0,0,0,0,0,0,0,0,0,0,0,0,0,0,0
https://vnexpress.net/du-an-do-273-000-lit-hoa-chat-xuong-bien-chong-bien-doi-khi-hau-4772264.html,0,0,0,0,0,0,0,0,0,0,0,0,0,0,0,0,0,0,0,0,0,0,0,0,0,0,0,0,0,0,0,0
https://vnexpress.net/sawaco-ung-pho-voi-bien-doi-khi-hau-4652473.html,2,0,0,0,0,0,0,0,0,0,0,0,0,0,0,0,0,0,0,0,0,0,0,0,0,0,0,0,0,0,0,0
https://vnexpress.net/trai-dat-trai-qua-nhung-mua-nhan-tao-chua-tung-thay-4920009.html,2,0,0,0,0,0,0,0,0,0,0,0,0,0,0,0,0,0,0,0,0,0,0,0,0,0,0,1,0,2,0,0
https://vnexpress.net/bien-doi-khi-hau-khien-dai-duong-doi-mau-4628552.html,3,0,0,0,0,0,0,0,1,0,0,0,0,0,0,0,0,0,0,0,0,0,0,0,0,0,0,0,0,0,0,0
https://vnexpress.net/bien-doi-khi-hau-co-the-khien-nhieu-dong-toi-te-hon-4749017.html,3,0,0,0,0,0,0,0,2,0,0,0,0,0,0,0,0,0,0,0,0,0,0,0,0,0,0,0,0,0,0,0
https://vnexpress.net/bien-doi-khi-hau-mo-ra-ky-nguyen-muoi-4623389.html,6,0,0,0,0,0,0,0,0,0,0,0,0,0,0,0,0,0,0,0,0,0,0,0,0,0,0,0,0,0,0,0
https://vnexpress.net/giong-cuu-200-kg-giup-ung-pho-voi-bien-doi-khi-hau-4740125.html,1,0,0,0,0,0,0,0,0,0,0,0,0,0,0,0,0,0,0,0,0,0,0,0,0,0,0,0,0,0,0,0
https://vnexpress.net/bien-doi-khi-hau-cham-ngoi-cho-thoi-tiet-cuc-doan-the-nao-4739038.html,15,0,0,0,1,0,0,0,0,0,0,0,0,0,0,0,0,0,0,0,0,0,0,0,0,0,0,4,0,6,0,0
https://vnexpress.net/ly-do-lu-lut-lien-tiep-tan-cong-nuoc-my-4916673.html,7,0,1,0,0,0,0,0,1,0,0,0,0,0,0,0,0,0,0,0,0,0,0,0,0,0,0,0,0,0,0,0
https://vnexpress.net/cuoc-dua-cuu-hang-nghin-manh-thien-thach-khoi-bien-doi-khi-hau-4733853.html,2,0,0,0,0,0,0,0,1,0,0,0,0,0,0,0,0,0,0,0,0,0,0,0,0,0,0,0,0,1,0,0
https://vnexpress.net/di-cu-sang-australia-vi-dat-nuoc-sap-chim-xuong-bien-4904996.html,2,0,0,0,0,1,1,0,0,0,0,0,0,0,0,0,0,0,0,0,0,0,0,0,0,0,0,0,0,0,0,0
https://vnexpress.net/tai-sao-lu-quet-co-suc-tan-pha-lon-4911358.html,2,0,1,0,0,1,1,0,0,0,0,0,0,0,0,0,0,0,0,0,0,0,0,0,0,0,0,0,0,0,0,0
https://vnexpress.net/vi-sao-bao-don-dap-vao-bien-dong-4943270.html,2,0,2,0,0,0,0,0,0,0,0,0,0,0,0,0,0,0,0,0,0,0,0,0,0,0,0,0,0,0,0,0
https://vnexpress.net/can-tho-dat-hang-nghien-cuu-giai-phap-thich-ung-bien-doi-khi-hau-4703113.html,8,0,1,0,0,0,0,0,3,0,0,0,1,0,5,0,0,0,0,0,0,0,0,0,0,0,0,0,0,0,0,0
https://vnexpress.net/nhiet-do-cuc-dai-o-viet-nam-co-the-tang-3-do-c-4909063.html,7,0,0,0,0,0,0,0,0,0,0,0,0,0,0,0,0,0,0,0,0,0,0,0,0,0,0,0,0,0,0,0
https://vnexpress.net/viet-nam-dung-thu-hai-dong-nam-a-ve-phat-trien-ben-vung-4930191.html,0,0,0,0,0,0,0,0,0,0,0,0,0,0,0,0,0,0,0,0,0,0,0,0,0,0,0,0,0,0,0,0
https://vnexpress.net/nga-muon-chuyen-vang-bi-phong-toa-sang-quy-chong-bien-doi-khi-hau-4686949.html,4,0,0,0,0,0,0,0,0,0,0,0,0,0,0,0,0,0,0,0,0,0,0,0,0,0,0,0,0,0,0,0
https://vnexpress.net/viet-nam-noi-la-lam-trong-chong-bien-doi-khi-hau-4684761.html,4,0,0,0,0,0,0,0,1,0,0,0,1,0,0,0,0,0,1,0,0,0,0,0,0,0,0,0,0,0,0,0
https://vnexpress.net/viet-nam-neu-ba-dinh-huong-hop-tac-ung-pho-bien-doi-khi-hau-cho-g77-4684130.html,8,1,0,0,0,0,0,0,0,0,0,0,0,0,0,0,1,0,0,0,0,0,0,0,0,0,0,0,0,0,0,0
https://vnexpress.net/thu-tuong-doanh-nghiep-can-xac-lap-tam-nhin-moi-chong-bien-doi-khi-hau-4683697.html,6,0,0,0,0,0,0,0,0,0,0,0,0,0,0,3,0,0,0,0,0,0,0,0,0,0,0,0,0,0,0,1
https://vnexpress.net/ai-boi-thuong-nan-nhan-bao-lu-4946164.html,10,0,3,0,0,3,3,0,1,1,0,0,0,0,0,0,0,0,0,0,0,0,0,0,0,0,0,0,0,0,0,0
https://vnexpress.net/hien-trang-sat-lo-bo-bien-o-tinh-cuc-nam-to-quoc-4935699.html,0,0,0,0,0,0,0,0,0,0,0,0,0,0,0,0,0,0,0,0,0,0,0,0,0,0,0,0,18,26,0,0
https://vnexpress.net/can-du-an-ty-do-chong-bien-doi-khi-hau-dong-bang-song-cuu-long-4668384.html,6,2,0,0,0,1,1,0,0,0,0,0,0,0,0,0,0,0,0,0,0,0,0,0,0,0,0,0,0,0,0,1
https://vnexpress.net/ong-trump-cam-gioi-khoa-hoc-my-tham-gia-bao-cao-khi-hau-toan-cau-4852802.html,3,0,0,0,0,0,0,0,0,0,0,0,0,0,0,0,1,0,1,0,0,0,0,0,0,0,0,0,0,0,0,0
https://vnexpress.net/brics-keu-goi-nuoc-giau-tang-tai-tro-khi-hau-cho-cac-quoc-gia-ngheo-4911197.html,2,0,0,0,0,0,0,0,1,0,0,0,0,0,0,0,1,0,0,0,0,0,0,0,0,0,0,0,0,1,0,0
https://vnexpress.net/my-muon-cham-dut-quy-dinh-tran-khi-nha-kinh-voi-nha-may-dien-than-4890440.html,2,0,0,0,0,0,0,0,9,0,0,0,0,0,0,0,0,0,1,0,0,0,0,0,0,0,0,0,0,0,0,0
https://vnexpress.net/xu-navajo-o-my-noi-dien-va-dieu-hoa-la-thu-xa-xi-4913831.html,2,0,0,0,0,0,0,0,0,0,0,0,0,0,0,0,0,0,1,0,0,0,0,0,0,0,0,0,0,0,0,0
https://vnexpress.net/thu-tuong-can-tam-nhin-moi-de-ung-pho-bien-doi-khi-hau-4655559.html,6,1,0,0,0,0,0,0,3,0,0,0,2,0,0,2,0,0,0,0,0,0,0,0,0,0,0,0,0,0,0,0
https://vnexpress.net/hawaii-se-tang-thue-khach-san-de-gay-quy-khi-hau-tu-1-1-2026-4881200.html,3,1,1,0,0,0,0,0,0,0,0,0,0,0,0,0,0,0,1,0,0,0,0,0,0,0,0,2,0,2,0,0
https://vnexpress.net/bien-doi-khi-hau-khien-chuot-sinh-soi-manh-hon-4481410.html,1,0,0,0,0,0,0,0,0,0,0,0,0,0,0,0,0,0,0,0,0,0,0,0,0,0,0,0,0,1,0,0
https://vnexpress.net/viet-nam-mong-muon-hop-tac-voi-my-ung-pho-bien-doi-khi-hau-4651328.html,5,1,0,0,0,0,0,0,0,0,0,0,1,0,0,3,0,0,0,0,0,0,0,0,0,0,0,0,0,0,0,0
https://vnexpress.net/hydro-xanh-chia-khoa-chong-bien-doi-khi-hau-4480435.html,0,0,0,0,0,0,0,0,0,0,0,0,0,0,0,0,0,0,0,0,0,0,0,0,0,0,0,0,0,0,0,0
https://vnexpress.net/1-ty-nguoi-co-nguy-co-chet-do-bien-doi-khi-hau-4647940.html,5,0,0,0,0,1,1,0,0,0,0,0,0,0,0,0,0,0,0,0,0,0,0,0,0,0,0,2,0,2,0,0
https://vnexpress.net/thu-giu-co2-chia-khoa-chong-bien-doi-khi-hau-4472030.html,0,0,0,0,0,0,0,0,0,0,0,0,0,0,0,0,0,0,0,0,0,0,0,0,0,0,0,0,0,0,0,0
https://vnexpress.net/bien-da-thanh-cong-cu-thu-giu-co2-vinh-vien-4852296.html,1,0,0,0,0,0,0,0,0,0,0,0,0,0,0,0,0,0,0,0,0,0,0,0,0,0,0,0,0,0,0,0
https://vnexpress.net/australia-ho-tro-viet-nam-hon-60-trieu-usd-ung-pho-bien-doi-khi-hau-4644830.html,2,0,0,0,0,0,0,0,0,0,0,0,0,0,0,0,0,0,0,0,0,0,0,0,0,0,0,0,0,0,0,0
https://vnexpress.net/cuc-bien-doi-khi-hau-than-trong-khi-ban-tin-chi-carbon-4640778.html,1,0,0,0,0,0,0,0,18,0,0,0,14,0,0,1,0,0,2,0,0,0,0,0,0,0,0,0,0,14,0,0
https://vnexpress.net/viet-nam-can-400-ty-usd-ung-pho-bien-doi-khi-hau-4640505.html,7,4,2,0,0,1,1,0,1,0,0,0,1,0,0,0,0,0,3,0,0,0,0,0,0,0,0,0,0,0,0,0
https://vnexpress.net/trac-nghiem-kien-thuc-ve-bien-doi-khi-hau-4456772.html,0,0,0,0,0,0,0,0,1,0,0,0,0,0,0,0,0,0,0,0,0,0,0,0,0,0,0,0,0,0,0,0
https://vnexpress.net/vuong-quoc-hinh-thanh-va-sup-do-do-bien-doi-khi-hau-4631026.html,2,0,0,0,0,0,0,0,0,0,0,0,0,0,0,0,0,0,0,0,0,0,0,0,0,0,0,0,0,0,0,0
https://vnexpress.net/bien-doi-khi-hau-duoi-long-dat-lam-hu-hai-cac-cong-trinh-4627965.html,4,0,0,0,0,0,0,0,0,0,0,0,0,0,0,0,0,0,0,0,0,0,0,0,0,0,0,0,0,0,0,0
https://vnexpress.net/nhung-nguoi-dong-nat-nhat-tung-manh-o-nhiem-o-zimbabwe-4911026.html,2,0,0,0,0,0,0,0,0,0,0,0,0,0,0,0,0,0,0,0,0,0,0,0,0,0,0,0,0,0,0,0
https://vnexpress.net/ha-noi-nang-nong-40-do-c-thoi-tiet-ha-noi-hom-nay-gia-dieu-hoa-cay-xanh-dieu-hoa-may-lanh-4922510.html,1,0,0,0,0,0,0,0,0,0,0,0,0,0,0,0,0,0,0,0,0,0,0,0,0,1,0,0,0,0,0,0
https://vnexpress.net/tuong-xanh-giup-chong-bien-doi-khi-hau-4422778.html,1,0,0,0,0,0,0,0,0,0,0,0,0,0,0,0,0,0,0,0,0,0,0,0,0,0,1,0,0,0,0,0
https://vnexpress.net/toi-an-chay-dung-cach-de-chong-bien-doi-khi-hau-4610781.html,5,0,0,0,0,0,0,0,1,0,0,0,0,0,0,0,0,0,0,0,0,0,0,0,0,0,0,0,0,1,0,0
https://vnexpress.net/bien-doi-khi-hau-co-the-tao-ra-sieu-song-than-4609351.html,1,0,0,0,0,0,0,0,0,0,0,0,0,0,0,0,0,0,0,0,0,0,0,0,0,0,0,0,0,0,0,0
https://vnexpress.net/giai-phap-ung-pho-bien-doi-khi-hau-tai-dong-bang-song-cuu-long-4604020.html,8,0,1,0,0,2,2,0,0,0,0,0,0,0,0,0,0,0,0,0,0,0,0,0,0,0,0,0,0,0,0,0
https://vnexpress.net/loc-xoay-co-lien-quan-den-bien-doi-khi-hau-4402760.html,6,0,0,0,0,0,0,0,0,0,0,0,0,0,0,0,0,0,0,0,0,0,0,0,0,0,0,0,0,0,0,0
https://vnexpress.net/sang-kien-1-usd-vao-5-usd-ra-chong-bien-doi-khi-hau-4600434.html,5,0,0,0,0,0,0,0,0,0,0,0,0,0,0,0,0,0,0,0,0,0,0,0,0,0,0,0,0,0,0,0
https://vnexpress.net/bien-doi-khi-hau-khien-tang-doi-luu-phinh-ra-4392150.html,0,0,0,0,0,0,0,0,0,0,0,0,0,0,0,0,0,0,0,0,0,0,0,0,0,0,0,0,0,0,0,0
https://vnexpress.net/bien-doi-khi-hau-khien-cac-loai-chim-nho-di-4385745.html,2,0,0,0,0,0,0,0,0,0,0,0,0,0,0,0,0,0,0,0,0,0,0,0,0,0,0,0,0,4,0,0
https://vnexpress.net/bien-doi-khi-hau-duoi-goc-nhin-khoa-hoc-4381040.html,4,0,0,0,0,2,2,0,0,0,0,0,0,0,0,2,0,0,0,0,0,0,0,0,0,0,0,1,0,1,0,0
https://vnexpress.net/mo-hinh-thanh-pho-thich-ung-bien-doi-khi-hau-4380522.html,0,0,0,0,0,0,0,0,0,0,0,0,0,0,0,0,0,0,0,0,0,0,0,0,0,0,0,0,0,0,0,0
https://vnexpress.net/viet-nam-cam-ket-ung-pho-bien-doi-khi-hau-4377923.html,5,0,0,0,0,0,0,0,0,0,0,0,1,0,0,0,0,0,0,0,0,0,0,0,0,0,0,0,0,0,0,0
https://vnexpress.net/viet-nam-thuc-day-nghi-quyet-tai-lhq-ve-bien-doi-khi-hau-4587495.html,3,0,0,0,0,0,0,0,0,0,0,0,0,0,0,0,0,0,0,0,0,0,0,0,0,0,0,0,0,0,0,0
https://vnexpress.net/bien-doi-khi-hau-khien-trai-dat-toi-di-4366718.html,1,0,0,0,0,0,0,0,0,0,0,0,0,0,0,0,0,0,0,0,0,0,0,0,0,0,0,0,0,0,0,0
https://vnexpress.net/nhung-chao-lua-nong-nhat-tren-trai-dat-4884536.html,3,0,0,0,0,0,0,0,1,0,0,0,0,0,0,0,0,0,0,0,0,0,0,0,2,0,0,0,0,1,0,0
https://vnexpress.net/tu-tu-vi-bien-doi-khi-hau-4011616.html,2,0,0,0,0,0,0,0,0,0,0,0,0,0,0,0,0,0,0,0,0,0,0,0,0,0,0,0,0,0,0,0
https://vnexpress.net/nhieu-giai-phap-chuyen-doi-so-ung-pho-bien-doi-khi-hau-toan-cau-4561122.html,1,1,0,0,0,0,0,0,0,0,0,0,0,0,0,1,0,0,0,0,0,0,0,0,0,0,0,0,0,0,0,0
https://vnexpress.net/song-bun-khong-lo-he-lo-su-hinh-thanh-dai-tay-duong-4883530.html,2,0,0,0,0,0,0,0,0,0,0,0,0,0,0,0,0,0,0,0,0,0,0,0,0,0,0,0,0,0,0,0
https://vnexpress.net/bien-doi-khi-hau-tan-cong-an-do-4330453.html,5,0,1,0,0,0,0,0,0,0,0,0,0,0,0,0,0,0,0,0,0,0,0,0,0,0,0,0,0,0,0,0
https://vnexpress.net/trung-quoc-ngam-don-bien-doi-khi-hau-4331099.html,9,0,5,0,0,0,0,0,0,0,0,0,0,0,0,0,0,0,1,0,0,0,0,0,0,0,0,0,0,0,0,0
https://vnexpress.net/nhung-loai-nao-thich-ung-tot-voi-bien-doi-khi-hau-4564921.html,8,0,0,0,0,0,0,0,0,0,0,0,0,0,0,0,0,0,0,0,0,0,0,0,0,0,0,0,0,1,0,0
https://vnexpress.net/giau-ben-vung-4682719.html,4,1,0,0,0,0,0,0,0,0,0,0,5,0,0,1,0,0,0,0,0,0,0,0,0,0,0,0,0,3,0,0
https://vnexpress.net/bien-doi-khi-hau-thay-doi-truc-trai-dat-4266933.html,1,0,0,0,0,0,0,0,0,0,0,0,0,0,0,0,0,0,0,0,0,0,0,0,0,0,0,0,0,0,0,0
https://vnexpress.net/gia-dinh-cuoi-cung-bam-tru-ngoi-lang-chim-dan-trong-bien-4876099.html,6,0,0,0,0,10,10,0,0,0,0,0,0,0,0,0,0,0,0,0,0,0,0,0,0,0,0,0,0,2,0,0
https://vnexpress.net/hang-tram-trieu-usd-dau-tu-ung-pho-bien-doi-khi-hau-4550288.html,2,0,0,0,0,1,1,0,0,0,0,0,0,0,0,0,0,0,0,0,0,0,0,0,0,0,0,0,0,1,0,0
https://vnexpress.net/nang-cap-chuoi-lua-gao-chong-bien-doi-khi-hau-phat-thai-thap-4550880.html,6,0,0,0,0,0,0,0,0,0,0,0,2,0,0,0,0,0,1,0,0,0,0,0,0,0,0,0,0,0,0,1
https://vnexpress.net/viet-nam-cam-ket-manh-me-trong-ung-pho-bien-doi-khi-hau-4548705.html,3,0,0,0,0,0,0,0,3,0,0,0,4,0,0,2,0,0,1,0,0,0,0,0,0,0,0,0,0,0,0,0
https://vnexpress.net/san-bay-gan-bac-cuc-nhat-dang-tan-chay-4877481.html,2,0,0,0,0,0,0,0,0,0,0,0,0,0,0,0,0,0,0,0,0,0,0,0,0,0,0,0,0,0,0,0
https://vnexpress.net/95-nguoi-tre-nhan-trach-nhiem-ve-bien-doi-khi-hau-4534219.html,10,2,1,0,0,0,0,0,0,0,0,0,1,0,0,0,0,0,0,0,0,0,0,0,0,0,0,0,0,0,0,0
https://vnexpress.net/cop27-ban-ve-boi-thuong-bien-doi-khi-hau-cho-nuoc-ngheo-4532793.html,4,0,0,0,0,0,0,0,0,0,0,0,0,0,0,0,0,0,0,0,0,0,0,0,0,0,0,0,0,0,0,0
https://vnexpress.net/song-bang-thuy-si-sup-do-vui-lap-ca-ngoi-lang-4893235.html,5,0,0,0,0,0,0,0,0,0,0,0,0,0,0,0,0,0,0,0,0,0,0,0,0,0,0,0,0,0,0,0
https://vnexpress.net/do-sua-ra-san-keu-goi-chong-bien-doi-khi-hau-4524283.html,0,0,0,0,0,0,0,0,3,0,0,0,1,0,0,0,0,0,1,0,0,0,0,0,0,0,0,0,0,0,0,0
https://vnexpress.net/bien-doi-khi-hau-khien-suc-tan-pha-cua-bao-ngay-cang-manh-4516435.html,0,0,0,0,0,0,0,0,0,0,0,0,0,0,0,0,0,0,0,0,0,0,0,0,0,0,0,0,0,0,0,0
https://vnexpress.net/thu-tuong-de-nghi-cac-doi-tac-ho-tro-ung-pho-bien-doi-khi-hau-4514658.html,5,0,0,0,0,0,0,0,2,0,0,0,3,0,0,1,1,0,0,0,0,0,0,0,0,0,0,0,0,1,0,0
https://vnexpress.net/nuoi-trong-san-ho-chong-chiu-bien-doi-khi-hau-4208151.html,0,0,0,0,0,0,0,0,0,0,0,0,0,0,0,0,0,0,0,0,0,0,0,0,0,0,0,0,0,0,0,0
https://vnexpress.net/john-kerry-my-se-tang-cuong-giup-viet-nam-ung-pho-bien-doi-khi-hau-4507611.html,2,2,0,0,0,0,0,0,0,0,0,0,0,0,0,4,0,0,0,0,0,0,0,0,0,0,0,0,0,0,0,0
https://vnexpress.net/dbscl-thuoc-5-dong-bang-de-bi-ton-thuong-nhat-the-gioi-4829019.html,1,0,0,0,0,0,0,0,0,0,0,0,0,0,0,0,0,0,0,0,0,0,0,0,0,0,0,0,0,0,0,0
https://vnexpress.net/dong-song-khi-quyen-dich-chuyen-ve-hai-cuc-trai-dat-4811640.html,0,0,0,0,0,0,0,0,0,0,0,0,0,0,0,0,0,0,0,0,0,0,0,0,0,0,0,1,0,1,0,0
https://vnexpress.net/my-bat-dau-hung-chiu-hau-qua-bien-doi-khi-hau-4477028.html,1,0,0,0,0,0,0,0,0,0,0,0,0,0,0,0,0,0,0,0,0,0,0,0,0,0,0,2,0,2,0,0
https://vnexpress.net/lhq-danh-gia-cao-viet-nam-trong-chong-bien-doi-khi-hau-4485211.html,2,0,0,0,0,0,0,0,0,0,0,0,0,0,0,0,0,0,0,0,0,0,0,0,0,0,0,0,0,0,0,0
https://vnexpress.net/viet-nam-nguy-co-khong-dat-muc-tieu-net-zero-nam-2050-4868212.html,3,0,0,0,0,0,0,0,0,0,0,0,0,0,0,4,0,0,1,0,0,0,0,0,0,0,0,0,0,0,0,0
https://vnexpress.net/10-can-nha-o-an-giang-bi-cuon-xuong-song-do-sat-lo-4887363.html,0,0,0,0,0,0,0,0,0,0,0,0,0,0,0,0,0,0,0,0,0,0,0,0,0,0,0,0,0,0,0,0
https://vnexpress.net/day-ve-bien-doi-khi-hau-trong-nha-truong-4150593.html,19,0,33,0,0,1,1,0,0,0,0,0,0,0,0,0,0,0,1,0,0,0,0,0,0,0,0,0,0,0,0,0
https://vnexpress.net/my-rut-khoi-thoa-thuan-paris-anh-huong-gi-cuoc-chien-khi-hau-toan-cau-4841595.html,1,0,0,0,0,0,0,0,2,0,0,0,1,0,0,0,0,0,1,0,0,0,0,0,0,0,0,1,0,1,0,0
https://vnexpress.net/my-sang-che-sieu-go-xay-dung-cung-hon-thep-giam-90-carbon-4886338.html,1,0,0,0,0,0,0,0,0,0,0,0,0,0,0,0,0,0,0,0,1,0,0,0,0,0,0,0,0,0,0,0
https://vnexpress.net/ap-dung-cong-nghe-gop-phan-chong-bien-doi-khi-hau-4470107.html,1,0,0,0,0,0,0,1,3,0,0,0,3,0,0,2,0,0,0,0,0,0,0,0,0,0,0,0,0,0,0,0
https://vnexpress.net/nganh-bao-hiem-co-the-mat-hang-ty-usd-vi-bien-doi-khi-hau-4468275.html,6,0,0,0,0,0,0,0,0,0,0,0,0,0,0,0,0,0,0,0,0,0,0,0,0,0,0,1,0,1,0,0
https://vnexpress.net/vuong-quoc-tay-tang-diet-vong-do-bien-doi-khi-hau-4464162.html,2,0,0,0,0,0,0,0,0,0,0,0,0,0,0,0,0,0,0,0,0,0,0,0,0,0,0,0,0,0,0,0
https://vnexpress.net/nhung-ran-san-ho-dang-bi-tay-trang-va-bien-mat-4744954.html,2,0,0,0,0,0,0,0,0,0,0,0,0,0,0,0,0,0,0,0,0,0,0,0,0,0,0,0,0,0,0,0
https://vnexpress.net/bien-dai-duong-thanh-cong-cu-thu-giu-carbon-4864712.html,2,0,0,0,0,0,0,0,0,0,0,0,0,0,0,0,0,0,0,0,0,0,0,0,0,0,0,0,0,0,0,0
https://vnexpress.net/bien-doi-khi-hau-thuc-day-hien-tuong-song-khi-quyen-4423967.html,0,0,0,0,0,0,0,0,0,0,0,0,0,0,0,0,0,0,0,0,0,0,0,0,0,0,0,0,0,0,0,0
https://vnexpress.net/nong-do-co2-toan-cau-vuot-nguong-4895949.html,1,0,0,0,0,1,1,0,1,0,0,0,0,0,0,0,0,0,0,0,0,0,0,0,0,0,0,0,0,0,0,0
https://vnexpress.net/bien-doi-khi-hau-4796505.html,3,0,0,0,0,3,3,0,3,0,0,0,0,0,0,0,0,0,0,0,0,0,0,0,0,0,0,0,0,2,0,0
https://vnexpress.net/co-bien-chia-khoa-giup-chong-bien-doi-khi-hau-4069183.html,1,0,0,0,0,0,0,0,0,0,0,0,0,0,0,0,0,0,0,0,0,0,0,0,0,0,0,0,0,0,0,0
https://vnexpress.net/tap-doan-dau-khi-ra-mat-so-tay-ve-bien-doi-khi-hau-4409154.html,11,1,2,0,0,0,0,0,1,0,0,0,1,0,0,0,0,0,1,0,0,0,0,0,0,0,0,0,0,0,0,0
https://vnexpress.net/hang-chuc-trieu-nguoi-chau-a-co-the-mat-nha-vi-bien-doi-khi-hau-4434200.html,4,0,2,0,0,1,1,0,1,0,0,0,0,0,0,0,0,0,1,0,0,0,0,0,0,0,0,0,0,0,0,0
https://vnexpress.net/ca-voi-giup-chong-bien-doi-khi-hau-nhu-the-nao-4429915.html,0,0,0,0,0,0,0,0,0,0,0,0,0,0,0,0,0,0,0,0,0,0,0,0,0,0,0,0,0,0,0,0
https://vnexpress.net/hai-luu-manh-nhat-the-gioi-dang-yeu-di-do-bang-tan-4856522.html,2,0,0,0,0,0,0,0,0,0,0,0,0,0,0,0,0,0,0,0,0,0,0,0,0,0,0,0,0,0,0,0
https://vnexpress.net/chinh-quyen-ong-trump-tim-cach-thu-hoi-20-ty-usd-tai-tro-cho-khi-hau-4849570.html,1,0,0,0,0,0,0,0,1,0,0,0,0,0,0,0,0,0,0,0,0,0,0,0,0,0,0,0,0,0,0,0
https://vnexpress.net/ong-trump-muon-tang-khai-thac-go-ap-thue-nhap-khau-len-25-4856009.html,0,0,0,0,0,0,0,0,1,0,0,0,0,0,0,0,0,0,4,0,0,0,0,0,0,0,0,5,0,8,0,0
https://vnexpress.net/bien-doi-khi-hau-dang-khien-dai-duong-mat-oxy-4024846.html,0,0,0,0,0,0,0,0,0,0,0,0,0,0,0,0,0,0,0,0,0,0,0,0,0,0,0,0,0,0,0,0
https://vnexpress.net/bien-doi-khi-hau-khien-tre-sinh-non-tang-4021574.html,2,0,0,0,0,0,0,0,0,0,0,0,0,0,0,0,0,0,0,0,0,0,0,0,0,0,0,0,0,0,0,0
https://vnexpress.net/bien-doi-khi-hau-de-doa-quan-tai-hat-nhan-4011425.html,0,0,0,0,0,0,0,0,0,0,0,0,0,0,0,0,0,0,0,0,0,0,0,0,0,0,0,0,0,0,0,0
https://vnexpress.net/pvn-dat-muc-tieu-giam-thieu-bien-doi-khi-hau-4004039.html,11,2,0,0,0,0,0,0,3,0,0,0,3,0,0,0,0,0,3,0,0,0,0,0,0,0,0,0,0,0,0,0
https://vnexpress.net/phat-dong-cuoc-thi-mo-hinh-ung-pho-voi-bien-doi-khi-hau-4404221.html,6,3,3,0,0,0,0,0,0,0,0,0,0,0,0,0,0,0,0,0,0,0,0,0,0,0,0,0,0,0,0,0
https://vnexpress.net/nga-phu-quyet-van-kien-lhq-ve-bien-doi-khi-hau-4402864.html,3,0,0,0,0,0,0,0,0,0,0,0,0,0,0,0,0,0,0,0,0,0,0,0,0,0,0,0,0,0,0,0
https://vnexpress.net/bao-hiem-co-the-giup-chau-a-vuot-qua-bien-doi-khi-hau-4392976.html,7,1,1,0,0,0,0,0,0,0,0,0,0,0,0,0,0,0,0,0,0,0,0,0,1,0,0,0,0,0,0,0
https://vnexpress.net/viet-nam-keu-goi-apec-chung-tay-ung-pho-bien-doi-khi-hau-4384415.html,4,0,1,0,0,0,0,0,1,0,0,0,0,0,0,1,0,0,1,0,0,0,0,0,0,0,0,0,0,1,0,0
https://vnexpress.net/10-tac-dong-it-ai-ngo-cua-bien-doi-khi-hau-4383580.html,20,0,0,0,0,0,0,0,4,0,4,0,0,0,0,0,0,0,0,0,0,0,0,0,0,0,0,0,0,0,0,0
https://vnexpress.net/jeff-bezos-ban-ve-bien-doi-khi-hau-voi-thai-tu-charles-4380307.html,6,0,0,0,0,0,0,0,0,0,0,0,0,0,0,0,0,0,0,0,0,0,0,0,0,0,0,0,0,0,0,0
https://vnexpress.net/tau-ngam-che-tao-bang-chong-bien-doi-khi-hau-3964308.html,4,0,0,0,0,0,0,0,1,0,0,0,0,0,0,0,0,0,0,0,0,0,0,0,0,0,0,0,0,0,0,0
https://vnexpress.net/viet-my-se-thuc-day-hop-tac-giai-quyet-bien-doi-khi-hau-4380112.html,1,1,0,0,0,0,0,0,0,0,0,0,2,0,0,1,0,0,0,0,0,0,0,0,0,0,0,0,0,1,0,0
https://vnexpress.net/viet-nam-cam-ket-manh-me-ve-ung-pho-bien-doi-khi-hau-4379555.html,6,4,0,0,0,0,0,0,0,0,0,0,1,0,0,0,0,0,0,0,0,0,0,0,0,0,0,0,0,0,0,0
https://vnexpress.net/ty-phu-bloomberg-se-tra-phi-khi-hau-tu-thoa-thuan-paris-thay-my-4842802.html,3,0,0,0,0,0,0,0,0,0,0,0,1,0,0,0,0,0,0,0,0,0,0,0,0,0,0,0,0,0,0,0
https://vnexpress.net/uon-cong-song-ngoi-giup-ngan-ngap-lut-4794881.html,1,0,0,0,0,0,0,0,0,0,0,0,0,0,0,0,0,0,0,0,0,0,0,0,0,0,0,0,0,0,0,0
https://vnexpress.net/bao-manh-hon-o-dong-nam-a-4794582.html,2,0,1,0,0,1,1,0,0,0,0,0,1,0,0,0,0,0,0,0,0,0,0,0,0,0,0,0,0,0,0,0
https://vnexpress.net/mua-bao-dai-tay-duong-2024-hoat-dong-tren-muc-binh-thuong-4793470.html,0,0,0,0,0,0,0,0,0,0,0,0,0,0,0,0,0,0,0,0,0,0,0,0,0,0,0,0,0,0,0,0
https://vnexpress.net/quy-hoach-tp-hcm-can-thich-ung-voi-bien-doi-khi-hau-trieu-cuong-4356865.html,1,0,0,0,0,0,0,0,0,0,0,0,0,0,0,0,0,0,0,0,0,0,0,0,0,0,0,0,0,0,0,0
https://vnexpress.net/bien-doi-khi-hau-thay-doi-kich-thuoc-co-the-nguoi-4306586.html,2,0,0,0,0,0,0,0,0,0,0,0,0,0,0,0,0,0,0,0,0,0,0,0,0,0,0,0,0,0,0,0
https://vnexpress.net/chuyen-roi-ram-khong-ai-lo-4545496.html,8,3,0,0,0,0,0,0,0,0,0,0,0,0,0,0,0,0,2,0,0,0,0,0,0,0,0,0,0,0,0,0
https://vnexpress.net/nguoi-dan-madagascar-hung-chiu-nan-doi-do-bien-doi-khi-hau-4346429.html,2,0,0,0,0,0,0,0,2,0,0,0,0,0,0,0,0,0,0,0,0,0,0,0,0,0,0,0,0,0,0,0
https://vnexpress.net/y-tuong-tao-man-che-dai-100-km-ngan-song-bang-tan-chay-4718876.html,2,0,0,0,0,0,0,0,0,0,0,0,0,0,0,0,0,0,0,0,0,0,0,0,0,0,0,0,0,0,0,0
https://vnexpress.net/ong-trump-chuan-bi-rut-my-khoi-hiep-dinh-paris-ve-khi-hau-4814036.html,1,0,0,0,0,0,0,0,1,0,0,0,2,0,0,0,0,0,0,0,1,0,0,0,0,0,0,0,0,0,0,0
https://vnexpress.net/bill-gates-hua-tai-tro-my-1-5-ty-usd-chong-bien-doi-khi-hau-4339840.html,4,0,1,0,0,0,0,0,1,0,0,0,1,0,0,0,0,0,2,0,0,0,0,0,0,0,0,0,0,0,0,0
https://vnexpress.net/nha-khoa-hoc-dau-tien-canh-bao-nhan-loai-ve-bien-doi-khi-hau-4339484.html,0,0,0,0,0,0,0,0,0,0,0,0,0,0,0,0,0,0,0,0,0,0,0,0,0,0,0,0,0,0,0,0
https://vnexpress.net/chay-rung-hy-lap-la-thuc-te-nghiet-nga-cua-bien-doi-khi-hau-4338258.html,5,0,0,0,0,0,0,0,0,0,0,0,1,0,0,0,0,0,0,0,0,0,0,0,0,0,0,5,0,8,0,0
https://vnexpress.net/viet-nam-xay-dung-he-thong-ban-do-canh-bao-rui-ro-khi-hau-cho-toa-nha-4886084.html,4,0,4,0,0,0,0,0,0,0,0,0,0,1,0,0,0,0,0,0,0,0,0,0,0,0,0,0,0,0,0,0
https://vnexpress.net/bien-doi-khi-hau-thanh-dan-chung-cuoc-thi-tranh-bien-4297734.html,1,0,0,0,0,0,0,0,0,0,0,0,0,0,0,0,0,0,0,0,0,0,0,0,0,0,0,2,0,2,0,0
https://vnexpress.net/bien-doi-khi-hau-dan-den-chien-tranh-13-400-nam-truoc-4286502.html,1,0,0,0,0,0,0,0,0,0,0,0,0,0,0,0,0,0,0,0,0,0,0,0,0,0,0,0,0,0,0,0
https://vnexpress.net/tiem-nang-chong-bien-doi-khi-hau-cua-cay-bien-doi-gene-4209840.html,0,0,0,0,0,0,0,0,0,0,0,0,0,0,0,0,0,0,0,0,0,0,0,0,0,0,0,0,0,0,0,0
https://vnexpress.net/ha-vien-my-tiep-tuc-nham-muc-tieu-vao-cac-nha-dau-tu-khi-hau-4831510.html,0,0,0,0,0,0,0,0,0,0,0,0,2,0,0,0,0,0,0,0,0,0,0,0,0,0,0,0,0,0,0,0
https://vnexpress.net/my-trung-cam-ket-hop-tac-chong-bien-doi-khi-hau-4264646.html,3,0,0,0,0,0,0,0,1,0,0,0,0,0,0,0,0,0,0,0,0,0,0,0,0,0,0,0,0,0,0,0
https://vnexpress.net/ong-trump-rut-my-khoi-thoa-thuan-khi-hau-paris-4841382.html,1,0,0,0,0,1,1,0,1,0,0,0,0,0,0,0,0,0,1,0,0,0,0,0,0,0,0,1,0,1,0,0
https://vnexpress.net/hoa-anh-dao-no-som-nhat-1-200-nam-do-bien-doi-khi-hau-4255794.html,2,0,0,0,0,0,0,0,0,0,0,0,0,0,0,0,0,0,0,0,0,0,0,0,0,0,0,0,0,0,0,0
https://vnexpress.net/thu-truong-le-minh-hoan-dan-mien-tay-dan-thich-ung-bien-doi-khi-hau-4253443.html,5,1,1,0,0,0,0,0,0,0,0,0,0,0,0,0,0,0,0,0,0,0,0,0,0,0,0,0,0,0,0,1
https://vnexpress.net/bill-gates-giam-bay-an-thit-nhan-tao-de-chong-bien-doi-khi-hau-4251241.html,1,0,0,0,0,0,0,0,0,0,0,0,0,0,0,0,0,0,0,0,0,0,0,0,0,0,0,0,0,0,0,0
https://vnexpress.net/mark-zuckerberg-kinh-thong-minh-giup-chong-bien-doi-khi-hau-4245666.html,1,0,0,0,0,0,0,0,0,0,0,0,0,0,0,0,0,0,0,0,0,0,0,0,0,0,0,0,0,0,0,0
https://vnexpress.net/thu-tuong-neu-giai-phap-chong-bien-doi-khi-hau-tai-hoi-nghi-lhq-4239248.html,6,0,0,0,0,0,0,0,1,0,0,0,1,0,0,0,0,0,0,0,0,0,0,0,0,0,0,0,0,0,0,0
https://vnexpress.net/ho-lon-nhat-the-gioi-dang-bien-mat-nhanh-chong-4809119.html,4,0,0,0,0,0,0,0,0,0,0,0,0,0,0,0,0,0,0,0,0,0,0,0,0,0,0,0,0,0,0,0
https://vnexpress.net/bien-doi-khi-hau-co-the-khien-gio-tay-dich-chuyen-toi-cuc-4217358.html,0,0,0,0,0,0,0,0,0,0,0,0,0,0,0,0,0,0,0,0,0,0,0,0,0,0,0,0,0,0,0,0
https://vnexpress.net/sieu-bao-co-suc-tan-pha-manh-nhat-4765739.html,0,0,0,0,0,0,0,0,0,0,0,0,0,0,0,0,0,0,0,0,0,0,0,0,0,0,0,0,0,0,0,0
https://vnexpress.net/nhung-buc-anh-an-tuong-bao-dong-ve-moi-truong-nam-2024-4830921.html,8,0,0,0,0,6,6,0,0,0,0,0,0,0,0,0,0,0,0,0,0,0,0,0,0,0,0,0,0,0,0,0
https://vnexpress.net/sinh-con-tren-thuyen-giua-dong-nuoc-lu-4766300.html,1,0,0,0,0,0,0,0,0,0,0,0,0,0,0,0,0,0,0,0,0,0,0,0,0,0,0,0,0,0,0,0
https://vnexpress.net/tham-kich-cua-bien-doi-khi-hau-3113576.html,4,0,0,0,0,2,2,0,0,0,4,0,0,0,0,0,0,0,0,0,0,0,0,0,0,0,0,6,0,14,0,0
https://vnexpress.net/nhung-thu-do-tren-the-gioi-dang-nong-len-4764026.html,1,0,1,0,0,0,0,0,1,0,0,0,0,0,0,0,0,0,0,0,0,0,0,0,0,0,0,0,0,0,0,0
https://vnexpress.net/kich-ban-bien-doi-khi-hau-trong-the-ky-21-3717161.html,0,0,0,0,0,0,0,0,0,0,0,0,0,0,0,0,0,0,0,0,0,0,0,0,0,0,0,0,0,0,0,0
https://vnexpress.net/thach-thuc-voi-biden-trong-cuoc-chien-chong-bien-doi-khi-hau-toan-cau-4197224.html,9,0,0,0,0,0,0,0,0,0,0,0,1,0,0,0,0,0,10,0,0,0,0,0,0,0,0,0,0,0,0,0
https://vnexpress.net/tim-nguon-gene-lua-thich-ung-voi-bien-doi-khi-hau-4191119.html,4,0,0,0,0,0,0,0,0,0,0,0,2,0,2,0,0,0,0,0,0,0,0,0,0,0,0,0,0,0,0,0
https://vnexpress.net/my-le-ra-mv-voi-hinh-anh-bien-doi-khi-hau-4184024.html,1,0,1,0,0,0,0,0,0,0,0,0,0,0,0,0,0,0,0,0,0,0,0,0,0,0,0,0,0,0,0,0
https://vnexpress.net/100-quoc-gia-da-cam-ket-net-zero-4815232.html,3,0,0,0,0,1,1,0,0,0,0,0,1,0,0,0,2,0,3,0,0,0,0,0,0,0,0,0,0,1,0,0
https://vnexpress.net/vang-phap-meo-mat-vi-bien-doi-khi-hau-3638120.html,0,0,0,0,0,0,0,0,0,0,0,0,0,0,0,0,0,0,0,0,0,0,0,0,0,0,0,0,0,0,0,0
https://vnexpress.net/hon-50-quoc-gia-ky-cam-ket-du-lich-ben-vung-4818551.html,3,0,0,0,0,1,1,0,1,0,0,0,0,0,0,0,1,0,1,0,1,0,0,0,0,0,1,0,0,0,0,0
https://vnexpress.net/bien-doi-khi-hau-co-the-giet-chet-90-san-ho-4118862.html,0,0,0,0,0,0,0,0,0,0,0,0,0,0,0,0,0,0,0,0,0,0,0,0,0,0,0,0,0,0,0,0
https://vnexpress.net/my-rut-khoi-hiep-dinh-ve-bien-doi-khi-hau-3593701.html,1,0,0,0,0,0,0,0,0,0,0,0,0,0,0,0,0,0,0,0,0,0,0,0,0,0,0,0,0,0,0,0
https://vnexpress.net/ran-doc-se-di-cu-hang-loat-khi-trai-dat-nong-len-4741826.html,2,0,0,0,0,0,0,0,0,0,0,0,0,0,0,0,0,0,0,0,0,0,0,0,0,0,0,0,0,0,0,0
https://vnexpress.net/hien-tuong-giot-lanh-gay-tham-hoa-lu-quet-28-nam-truoc-4810437.html,1,0,0,0,0,0,0,0,1,0,0,0,0,0,0,0,0,0,0,0,0,0,0,0,1,0,0,0,0,0,0,0
https://vnexpress.net/gau-bac-cuc-an-thit-dong-loai-do-bien-doi-khi-hau-4061476.html,0,0,0,0,0,0,0,0,0,0,0,0,0,0,0,0,0,0,0,0,0,0,0,0,0,0,0,0,0,0,0,0
https://vnexpress.net/jeff-bezos-chi-10-ty-usd-chong-bien-doi-khi-hau-4057454.html,0,0,0,0,0,0,0,0,0,0,0,0,0,0,0,0,0,0,0,0,0,0,0,0,0,0,0,0,0,0,0,0
https://vnexpress.net/bien-dong-thuy-khi-hau-thuc-day-chay-rung-o-los-angeles-4837629.html,1,0,0,0,0,0,0,0,0,0,0,0,0,0,0,0,0,0,0,0,0,0,0,0,0,0,0,3,0,3,0,0
https://vnexpress.net/rao-can-vo-hinh-ngan-cach-dong-vat-giua-chau-a-va-australia-4633479.html,4,0,0,0,0,0,0,0,0,0,0,0,0,0,0,0,0,0,0,0,0,0,0,0,0,0,0,0,0,0,0,0
https://vnexpress.net/el-ni-o-va-la-ni-a-da-xay-ra-trong-250-trieu-nam-qua-4806962.html,3,0,0,0,0,0,0,0,0,0,0,0,0,0,0,0,0,0,0,0,0,0,0,0,0,0,0,0,0,0,0,0
https://vnexpress.net/the-gioi-ghi-nhan-tuan-nong-nhat-lich-su-4627685.html,0,0,0,0,0,0,0,0,0,0,0,0,0,0,0,0,0,0,0,0,0,0,0,0,0,0,0,0,0,0,0,0
https://vnexpress.net/di-tau-hon-21-000-km-de-chong-bien-doi-khi-hau-4028891.html,3,0,0,0,0,0,0,0,0,0,0,0,0,0,0,0,0,0,0,0,0,0,0,0,0,0,0,0,0,0,0,0
https://vnexpress.net/de-giai-quyet-bien-doi-khi-hau-ai-phai-la-green-ai-4026780.html,19,1,0,0,0,0,0,0,0,0,0,0,0,0,0,0,0,0,0,0,0,0,0,0,0,0,0,2,0,3,0,0
https://vnexpress.net/nam-khang-thuoc-dang-tro-thanh-bong-ma-y-te-toan-cau-4925412.html,1,0,0,0,0,0,0,0,0,0,0,0,0,0,0,0,0,0,0,0,0,0,0,0,0,0,0,0,0,0,0,0
https://vnexpress.net/hoi-thao-cong-nghe-ve-giai-phap-ai-ung-pho-bien-doi-khi-hau-4022673.html,19,0,1,0,0,0,0,0,0,0,0,0,0,0,0,0,0,0,0,0,0,0,0,0,0,0,0,0,0,0,0,0
https://vnexpress.net/co-giao-lam-du-an-cong-nghe-chong-bien-doi-khi-hau-4009268.html,7,0,1,0,0,0,0,0,0,0,0,0,0,0,0,0,0,0,0,0,0,0,0,0,0,0,0,0,0,0,0,0
https://vnexpress.net/italy-dua-bien-doi-khi-hau-vao-giao-duc-bat-buoc-4009580.html,3,0,0,0,0,0,0,0,0,0,0,0,0,0,0,0,0,0,1,0,0,0,0,0,0,0,0,0,0,0,0,0
https://vnexpress.net/nuoc-song-toan-cau-thap-nhat-trong-hon-3-thap-ky-4801574.html,6,0,0,0,0,0,0,0,0,0,0,0,0,0,0,0,0,0,0,0,0,0,0,0,0,0,0,0,0,0,0,0
https://vnexpress.net/trong-900-trieu-ha-rung-co-the-chong-bien-doi-khi-hau-3982334.html,0,0,0,0,0,0,0,0,0,0,0,0,0,0,0,0,0,0,0,0,0,0,0,0,0,0,0,0,0,0,0,0
https://vnexpress.net/bieu-tinh-chong-bien-doi-khi-hau-truoc-tru-so-lien-hop-quoc-3975649.html,3,0,0,0,0,0,0,0,0,0,0,0,0,0,0,0,0,0,0,0,0,0,0,0,0,0,0,0,0,0,0,0
https://vnexpress.net/nha-hoat-dong-do-bot-len-van-ban-goc-hien-phap-my-4711971.html,1,0,0,0,0,0,0,0,0,0,0,0,0,0,0,0,0,0,0,0,0,0,0,0,0,0,0,0,0,0,0,0
https://vnexpress.net/mua-khien-nhieu-cap-chim-ly-hon-4821068.html,2,0,0,0,0,0,0,0,0,0,0,0,0,0,0,0,0,0,0,0,0,0,0,0,0,0,0,0,0,0,0,0
https://vnexpress.net/16-du-an-xuat-sac-ung-pho-voi-bien-doi-khi-hau-duoc-tai-tro-3943067.html,4,2,0,0,0,0,0,0,0,0,0,0,0,0,2,1,0,0,0,0,0,0,0,0,0,0,0,0,0,0,0,0
https://vnexpress.net/dong-bang-song-cuu-long-phai-thuan-thien-voi-bien-doi-khi-hau-3940135.html,8,1,0,0,0,2,2,0,0,0,0,0,0,0,0,0,0,0,0,0,0,0,0,0,0,0,0,0,0,0,0,0
https://vnexpress.net/ca-map-doi-an-do-bien-doi-khi-hau-3312623.html,1,0,0,0,0,0,0,0,0,0,0,0,0,0,0,0,0,0,0,0,0,0,0,0,0,0,0,0,0,0,0,0
https://vnexpress.net/xac-uop-lua-tren-dinh-nui-phillipines-co-nguy-co-bi-pha-huy-4704814.html,1,0,0,0,0,0,0,0,0,0,0,0,0,0,0,0,0,0,0,0,0,0,0,0,0,0,0,0,0,0,0,0
https://vnexpress.net/dan-duc-giam-dam-me-voi-xe-hoi-vi-van-de-bien-doi-khi-hau-3926437.html,4,0,0,0,0,0,0,0,0,0,0,0,0,0,0,0,0,0,0,0,0,0,0,0,0,0,0,0,0,0,0,0
https://vnexpress.net/bien-doi-khi-hau-khien-cay-o-trung-quoc-moc-nhanh-hon-3925251.html,0,0,0,0,0,0,0,0,0,0,0,0,0,0,0,0,0,0,0,0,0,0,0,0,0,0,0,0,0,0,0,0
https://vnexpress.net/ban-sao-lon-nhat-trong-the-gioi-tu-nhien-4856922.html,1,0,0,0,0,0,0,0,0,0,0,0,0,0,0,0,0,0,0,0,0,0,0,0,0,0,0,0,0,2,0,0
https://vnexpress.net/au-thuyen-ho-dieu-hoa-chong-ngap-cho-trung-tam-can-tho-4788173.html,2,0,0,0,0,0,0,0,0,0,0,0,0,0,0,0,0,0,0,0,0,0,0,0,0,0,0,0,0,0,0,0
https://vnexpress.net/lien-hop-quoc-noi-lai-dam-phan-ve-hiep-uoc-nhua-toan-cau-4856916.html,1,0,0,0,0,0,0,0,0,0,0,0,0,0,0,0,0,0,1,0,0,0,0,0,0,0,0,0,0,0,0,0
https://vnexpress.net/gan-1-000-gieng-khoi-can-tro-day-do-bien-doi-khi-hau-3900066.html,1,0,0,0,0,0,0,0,0,0,0,0,0,0,0,0,0,0,0,0,0,0,0,0,0,0,0,0,0,0,0,0
https://vnexpress.net/thanh-thieu-nien-hon-100-quoc-gia-bieu-tinh-keu-goi-chong-bien-doi-khi-hau-3895343.html,15,0,0,0,0,1,1,0,0,0,0,0,0,0,0,0,0,0,1,0,0,0,0,0,0,0,0,0,0,0,0,0
https://vnexpress.net/bao-shanshan-tan-cong-nhat-5-nguoi-chet-4787351.html,2,0,0,0,0,0,0,0,0,0,0,0,0,0,0,0,0,0,0,0,0,0,0,0,0,0,0,0,0,0,0,0
https://vnexpress.net/giun-lua-tu-tai-sinh-de-doa-vung-bien-dia-trung-hai-4775463.html,1,0,0,0,0,0,0,0,0,0,0,0,0,0,0,0,0,0,0,0,0,0,0,0,0,0,0,0,0,0,0,0
https://vnexpress.net/lo-phan-ung-bien-co2-thanh-nhien-lieu-sach-4850103.html,1,0,0,0,0,0,0,0,1,0,0,0,0,0,0,0,0,0,0,0,0,0,0,0,0,0,0,0,0,0,0,0
https://vnexpress.net/bien-doi-khi-hau-de-doa-hang-chuc-can-cu-quan-su-my-3871658.html,4,0,0,0,0,0,0,0,0,0,0,0,0,0,0,0,0,0,0,0,0,0,0,0,0,0,0,4,0,4,0,0
https://vnexpress.net/bien-doi-khi-hau-co-the-khien-con-nguoi-kem-thong-minh-hon-3853406.html,0,0,0,0,0,0,0,0,0,0,0,0,0,0,0,0,0,0,0,0,0,0,0,0,0,0,0,0,0,0,0,0
https://vnexpress.net/anh-trung-bay-24-khoi-bang-de-canh-bao-ve-bien-doi-khi-hau-3853412.html,0,0,0,0,0,0,0,0,0,0,0,0,0,0,0,0,0,0,0,0,0,0,0,0,0,0,0,0,0,0,0,0
https://vnexpress.net/obama-bien-doi-khi-hau-la-thach-thuc-lon-nhat-3137000.html,5,0,0,0,0,0,0,0,0,0,0,0,0,0,0,0,0,0,1,0,0,0,0,0,0,0,0,0,0,0,0,0
https://vnexpress.net/the-gioi-kho-ung-pho-voi-rac-nhua-neu-khong-giam-san-xuat-4820452.html,1,0,0,0,0,0,0,0,0,0,0,0,0,0,0,0,0,0,0,0,0,0,0,0,0,0,0,0,0,0,0,0
https://vnexpress.net/mien-nam-trung-quoc-sap-don-dot-ret-dam-4688958.html,1,0,0,0,0,0,0,0,0,0,0,0,0,0,0,0,0,0,0,0,0,0,0,0,0,0,0,0,0,0,0,0
https://vnexpress.net/gioi-khoa-hoc-dinh-che-mat-troi-de-ngan-bien-doi-khi-hau-3846158.html,0,0,0,0,0,0,0,0,0,0,0,0,0,0,0,0,0,0,0,0,0,0,0,0,0,0,0,0,0,0,0,0
https://vnexpress.net/dat-hang-nha-khoa-hoc-giai-quyet-thach-thuc-vung-tay-nam-bo-4686698.html,2,0,0,0,0,0,0,0,0,0,0,0,0,0,3,0,0,0,1,0,0,0,0,0,0,0,0,0,0,0,0,0
https://vnexpress.net/thach-thuc-cua-du-lich-viet-nam-truoc-bien-doi-khi-hau-3844363.html,25,2,0,0,0,8,8,0,0,0,0,0,0,0,0,0,0,0,1,0,0,0,0,0,0,0,0,0,1,1,0,0
https://vnexpress.net/viet-nam-cam-ket-cat-giam-it-nhat-8-phat-thai-bien-doi-khi-hau-3821916.html,14,0,0,0,1,1,1,0,1,0,0,0,0,0,0,0,0,0,2,0,0,0,0,0,0,0,0,0,0,0,0,0
https://vnexpress.net/giao-su-nhat-chuyen-giao-nghien-cuu-bien-doi-khi-hau-cho-viet-nam-3810587.html,16,1,1,0,0,0,0,0,1,0,0,0,0,0,0,0,0,0,1,0,0,0,0,0,0,0,0,0,0,0,0,0
https://vnexpress.net/chuyen-gia-nhat-giup-viet-nam-nghien-cuu-ung-pho-bien-doi-khi-hau-3806543.html,11,0,0,0,0,0,0,0,1,0,0,0,1,0,0,1,0,0,0,0,0,0,0,0,0,0,0,0,0,0,0,0
https://vnexpress.net/dai-su-moi-truong-australia-co-the-kiem-nghin-ty-usd-tu-bien-doi-khi-hau-3801806.html,10,2,1,0,0,0,0,0,2,0,0,0,1,0,0,2,0,0,2,0,0,0,0,0,0,0,0,0,0,1,0,0
https://vnexpress.net/con-trung-pha-hoai-cay-trong-manh-hon-do-bien-doi-khi-hau-3801833.html,1,0,0,0,0,0,0,0,0,0,0,0,0,0,0,0,0,0,0,0,0,0,0,0,0,0,0,0,0,0,0,0
https://vnexpress.net/nhom-nha-hoat-dong-phun-son-len-tuong-thuong-vien-italy-4555855.html,0,0,0,0,0,0,0,0,0,0,0,0,0,0,0,0,0,0,0,0,0,0,0,0,0,0,0,0,0,0,0,0
https://vnexpress.net/lu-cuon-hang-loat-oto-ra-bien-4649813.html,0,0,0,0,0,0,0,0,0,0,0,0,0,0,0,0,0,0,0,0,0,0,0,0,0,0,0,2,0,2,0,0
https://vnexpress.net/cach-ngan-ngua-sot-xuat-huyet-trong-moi-truong-bien-doi-khi-hau-3794040.html,1,0,0,0,0,0,0,0,0,0,0,0,0,0,0,0,0,0,0,0,0,0,0,0,0,0,0,0,0,0,0,0
https://vnexpress.net/dac-diem-giup-hawaii-tro-thanh-kinh-do-cau-vong-cua-the-gioi-4847789.html,2,0,0,0,0,0,0,0,0,0,0,0,0,0,0,0,0,0,0,0,0,0,0,0,0,0,0,0,0,0,0,0
https://vnexpress.net/dai-hoc-quoc-gia-ha-noi-mo-dien-dan-ban-ve-bien-doi-khi-hau-3771864.html,4,2,0,0,0,0,0,0,0,0,0,0,0,0,0,0,0,0,2,0,0,0,0,0,1,0,0,0,0,0,1,0
https://vnexpress.net/thoi-su/xuong-rong-le-gai-tro-thanh-do-an-vi-bien-doi-khi-hau-3767157.html,0,0,0,0,0,0,0,0,0,0,0,0,0,0,0,0,0,0,0,0,0,0,0,0,0,0,0,0,0,0,0,0
https://vnexpress.net/asem-ban-giai-phap-ung-pho-voi-bien-doi-khi-hau-3765793.html,5,0,0,0,0,1,1,0,0,0,0,0,0,0,0,1,0,0,0,0,0,0,0,0,0,0,0,0,0,0,0,0
https://vnexpress.net/chinh-sach-nang-luong-khac-biet-cua-trump-va-harris-4810227.html,4,0,0,0,0,0,0,0,1,0,0,0,1,0,0,0,0,0,2,0,0,0,0,0,0,0,0,0,0,0,0,0
https://vnexpress.net/hien-tuong-thoi-tiet-la-gay-lu-quet-o-tay-ban-nha-4810869.html,3,0,0,0,0,0,0,0,0,0,0,0,0,0,0,0,0,0,0,0,0,0,0,0,0,0,0,0,0,0,0,0
https://vnexpress.net/trai-dat-truoc-va-sau-bien-doi-khi-hau-2952947.html,3,0,0,0,0,0,0,0,0,0,0,0,0,0,0,0,0,0,0,0,0,0,0,0,0,0,0,0,0,1,0,0
https://vnexpress.net/gan-100-000-cay-xanh-chong-bien-doi-khi-hau-o-ca-mau-3743900.html,0,0,1,0,0,0,0,0,0,0,0,0,0,0,0,0,0,0,0,0,0,0,0,0,0,0,0,0,0,0,0,0
https://vnexpress.net/huong-di-moi-cho-nganh-du-lich-dbscl-truoc-bien-doi-khi-hau-3728836.html,7,0,0,0,0,1,1,0,0,0,0,0,0,0,0,0,0,0,0,0,0,0,0,0,0,0,0,0,0,0,0,1
https://vnexpress.net/nhieu-nha-khoa-hoc-tre-say-me-san-pham-thich-ung-voi-bien-doi-khi-hau-3726995.html,5,0,0,0,0,0,0,0,1,0,0,0,0,0,0,1,0,0,0,0,0,0,0,0,0,0,0,0,0,0,0,0
https://vnexpress.net/cuoc-thi-ve-bien-doi-khi-hau-cho-hoc-sinh-2912459.html,10,1,1,0,0,0,0,0,0,0,0,0,0,0,0,0,0,0,0,0,0,0,0,0,0,0,0,0,0,0,0,0
https://vnexpress.net/chu-ky-nuoc-toan-cau-lan-dau-tien-mat-can-bang-4805105.html,1,0,0,0,0,0,0,0,0,0,0,0,0,0,0,0,0,0,0,0,0,0,0,0,0,0,0,1,0,2,0,0
https://vnexpress.net/chung-tay-phat-trien-du-lich-o-dbscl-truoc-bien-doi-khi-hau-3706387.html,4,0,0,0,0,0,0,0,0,0,0,0,0,0,0,0,0,0,0,0,0,0,0,0,0,0,0,0,0,0,0,0
https://vnexpress.net/ho-nhiet-doi-lon-nhat-the-gioi-chuyen-mau-xanh-la-4867664.html,2,0,0,0,0,0,0,0,0,0,0,0,0,0,0,0,0,0,1,0,0,0,0,0,0,0,0,0,0,2,0,0
https://vnexpress.net/trai-dat-co-nguy-co-can-kiet-nuoc-khong-4653403.html,4,0,0,0,0,0,0,0,0,0,0,0,0,0,0,0,0,0,0,0,0,0,0,0,0,0,0,0,0,0,0,0
https://vnexpress.net/bien-doi-khi-hau-khien-du-lich-nhieu-noi-dieu-dung-3692744.html,2,0,0,0,0,1,1,0,0,0,0,0,0,0,0,0,0,0,0,0,0,0,0,0,0,0,0,0,0,0,0,0
https://vnexpress.net/bien-doi-khi-hau-va-dai-dich-day-la-ma-vao-canh-diet-vong-3690005.html,3,0,0,0,0,0,0,0,0,0,0,0,0,0,0,0,0,0,1,0,0,0,0,0,0,0,0,0,0,0,0,0
https://vnexpress.net/thoi-su/giong-xoai-thich-ung-voi-bien-doi-khi-hau-tai-tra-vinh-3685198.html,0,0,0,0,0,0,0,0,0,0,0,0,0,0,0,0,0,0,0,0,0,0,0,0,0,0,0,0,0,0,0,0
https://vnexpress.net/macron-noi-trump-co-the-doi-y-ve-hiep-dinh-bien-doi-khi-hau-3613991.html,2,0,0,0,0,0,0,0,0,0,0,0,0,0,0,0,0,0,0,0,0,0,0,0,0,0,0,0,0,0,0,0
https://vnexpress.net/loat-anh-an-tuong-ghi-canh-trai-dat-nong-vuot-canh-bao-4838452.html,8,0,0,0,0,2,2,0,0,0,0,0,0,0,0,0,0,0,0,0,0,0,0,0,0,0,0,4,0,4,0,0
https://vnexpress.net/hon-dao-bac-cuc-rong-1-1-trieu-m2-bien-mat-4814054.html,1,0,0,0,0,0,0,0,0,0,0,0,0,0,0,0,0,0,0,0,0,0,0,0,0,0,0,0,0,0,0,0
https://vnexpress.net/ca-mau-khoi-dong-du-an-xay-dung-de-bien-tay-4825175.html,4,1,1,0,0,2,2,0,0,0,0,0,0,0,0,0,0,0,0,0,0,0,0,0,0,0,0,0,2,5,0,0
https://vnexpress.net/cuc-bac-co-the-dich-chuyen-27-m-do-bang-tan-4871676.html,2,0,0,0,0,0,0,0,1,0,0,0,0,0,0,0,0,0,0,0,0,0,0,0,0,0,0,0,0,0,0,0
https://vnexpress.net/hang-tram-chuyen-gia-hien-ke-cho-mien-tay-doi-pho-bien-doi-khi-hau-3646726.html,5,0,1,0,0,3,3,0,0,0,0,0,0,0,1,0,0,0,0,0,0,0,0,0,0,0,0,0,0,0,0,1
https://vnexpress.net/kiem-hang-ty-usd-tu-bien-doi-khi-hau-2726841.html,5,0,0,0,0,0,0,0,0,0,0,0,0,0,0,0,0,0,0,0,0,0,0,0,0,0,0,0,0,0,0,0
https://vnexpress.net/bang-bien-toan-cau-cham-muc-thap-nhat-lich-su-4850987.html,2,0,0,0,0,0,0,0,0,0,0,0,0,0,0,0,0,0,0,0,0,0,0,0,0,0,0,0,0,0,0,0
https://vnexpress.net/doanh-nghiep-khoi-nghiep-ung-pho-bien-doi-khi-hau-duoc-vinh-danh-3644284.html,4,2,0,0,0,0,0,0,0,0,0,0,0,0,1,1,0,0,0,0,0,0,0,0,0,0,0,0,0,0,0,0
https://vnexpress.net/toa-an-do-keu-goi-ban-bo-tinh-trang-khan-cap-quoc-gia-do-nang-nong-4752799.html,2,0,1,0,0,0,0,0,1,0,0,0,0,0,0,0,0,0,0,0,0,0,0,0,0,0,0,0,0,0,0,0
https://vnexpress.net/hau-hoa-moi-truong-khi-my-rut-khoi-hiep-dinh-bien-doi-khi-hau-3593819.html,5,0,0,0,0,1,1,0,0,0,0,0,0,0,0,0,0,0,0,0,0,0,0,0,0,0,0,0,0,0,0,0
https://vnexpress.net/15-nguoi-thiet-mang-vi-bao-loc-o-my-4750838.html,0,0,0,0,0,0,0,0,0,0,0,0,0,0,0,0,0,0,0,0,0,0,0,0,0,0,0,0,0,0,0,0
https://vnexpress.net/gau-xam-chuyen-sang-an-chay-do-bien-doi-khi-hau-3635359.html,0,0,0,0,0,0,0,0,0,0,0,0,0,0,0,0,0,0,0,0,0,0,0,0,0,0,0,0,0,0,0,0
https://vnexpress.net/bao-harvey-nhan-them-nang-luong-tu-than-tu-bien-doi-khi-hau-3634328.html,1,0,0,0,0,0,0,0,0,0,0,0,0,0,0,0,0,0,0,0,0,0,0,0,0,0,0,0,0,0,0,0
https://vnexpress.net/bien-doi-khi-hau-tang-suc-tan-pha-cua-bao-harvey-3633759.html,4,0,0,0,0,0,0,0,0,0,0,0,0,0,0,0,0,0,0,0,0,0,0,0,0,0,0,0,0,0,0,0
https://vnexpress.net/bien-doi-khi-hau-khien-gau-xam-che-ca-hoi-chuyen-sang-an-qua-3632929.html,1,0,0,0,0,0,0,0,0,0,0,0,0,0,0,0,0,0,0,0,0,0,0,0,0,0,0,0,0,0,0,0
https://vnexpress.net/mua-lu-de-doa-an-ninh-luong-thuc-trung-quoc-4639033.html,1,0,1,0,0,0,0,0,0,0,0,0,0,0,0,0,0,0,0,0,0,0,0,0,0,0,0,0,0,0,0,2
https://vnexpress.net/hai-nguyen-nhan-gay-lu-cat-do-o-binh-thuan-4749109.html,1,0,1,0,0,0,0,0,0,0,0,0,0,0,0,0,0,0,0,0,0,0,0,0,0,0,0,0,0,1,0,0
https://vnexpress.net/rung-ma-lan-nhanh-tai-bac-my-do-bien-doi-khi-hau-3621606.html,2,0,0,0,0,2,2,0,0,0,0,0,0,0,0,0,0,0,0,0,0,0,0,0,0,0,0,0,0,8,0,0
https://vnexpress.net/california-xay-duong-ham-tich-tru-nuoc-mua-20-ty-usd-4749353.html,4,0,0,0,0,0,0,0,0,0,0,0,0,0,0,0,0,0,0,0,0,0,0,0,0,0,0,0,0,0,0,0
https://vnexpress.net/thu-tuong-de-nghi-cac-nuoc-noi-la-lam-trong-cam-ket-khi-hau-4683988.html,6,0,0,0,0,1,1,0,0,0,0,0,0,0,0,4,0,0,0,0,0,0,0,0,0,0,0,1,0,1,0,1
https://vnexpress.net/duc-noi-trump-se-bi-co-lap-o-g20-ve-bien-doi-khi-hau-3610169.html,4,0,0,0,0,0,0,0,0,0,0,0,0,0,0,0,0,0,0,0,0,0,0,0,0,0,0,0,0,0,0,0
https://vnexpress.net/trump-dung-mot-minh-tai-g20-ve-van-de-bien-doi-khi-hau-3610922.html,2,0,0,0,0,0,0,0,1,0,0,0,0,0,0,0,0,0,0,0,0,0,0,0,0,0,0,0,0,0,0,0
https://vnexpress.net/nhung-yeu-to-khien-nam-2023-co-the-nong-nhat-trong-lich-su-4632716.html,1,0,0,0,0,0,0,0,2,0,0,0,0,0,0,0,0,0,0,0,0,0,0,0,0,0,0,0,0,0,0,0
https://vnexpress.net/trump-tu-hao-vi-rut-my-khoi-hiep-dinh-ve-bien-doi-khi-hau-3606787.html,3,0,0,0,0,0,0,0,0,0,0,0,0,0,0,0,0,0,0,0,0,0,0,0,0,0,0,0,0,0,0,0
https://vnexpress.net/6-hau-qua-ro-nhat-cua-bien-doi-khi-hau-2230483.html,2,0,0,0,0,0,0,0,0,0,0,0,0,0,0,0,0,0,0,0,0,0,0,0,0,0,0,0,0,0,0,0
https://vnexpress.net/my-giup-viet-nam-chong-bien-doi-khi-hau-2248132.html,4,0,0,0,0,0,0,0,0,0,0,0,0,0,0,2,0,0,1,0,0,0,0,0,0,0,0,0,0,9,0,0
https://vnexpress.net/5-giai-phap-doi-pho-bien-doi-khi-hau-cua-ha-noi-3604425.html,1,0,0,0,0,0,0,0,0,0,0,0,0,0,0,0,0,0,0,0,0,0,0,0,0,0,0,0,0,0,0,0
https://vnexpress.net/ca-map-dai-20-met-tuyet-chung-vi-bien-doi-khi-hau-3605138.html,1,0,0,0,0,0,0,0,0,0,0,0,0,0,0,0,0,0,0,0,0,0,0,0,0,0,0,0,0,0,0,0
https://vnexpress.net/ca-nho-hon-vi-bien-doi-khi-hau-2244509.html,1,0,0,0,0,0,0,0,0,0,0,0,0,0,0,0,0,0,0,0,0,0,0,0,0,0,0,0,0,0,0,0
https://vnexpress.net/ong-trump-du-kien-rut-my-khoi-hiep-dinh-paris-ve-bien-doi-khi-hau-3593154.html,4,0,0,0,0,0,0,0,0,0,0,0,0,0,0,0,0,0,0,0,0,0,0,0,0,0,0,0,0,0,0,0
https://vnexpress.net/ong-nguyen-thien-nhan-tp-hcm-bi-de-doa-boi-bien-doi-khi-hau-3583104.html,14,4,4,0,0,1,1,0,1,0,0,0,0,0,0,0,0,0,1,0,0,0,0,0,0,0,0,0,0,0,0,0
https://vnexpress.net/doanh-nghiep-co-the-am-75-000-usd-khi-ung-pho-voi-bien-doi-khi-hau-3579587.html,7,4,0,0,0,0,0,0,0,0,0,0,0,0,2,0,0,0,0,0,0,0,0,0,0,0,0,0,0,0,0,0
https://vnexpress.net/trump-xoa-chinh-sach-chong-bien-doi-khi-hau-thoi-obama-3562267.html,3,0,0,0,0,0,0,0,1,0,2,0,1,0,0,0,0,0,1,0,0,0,0,0,0,0,0,0,0,0,0,0
https://vnexpress.net/trump-sap-xoa-chinh-sach-chong-bien-doi-khi-hau-cua-obama-3561964.html,3,0,0,0,0,0,0,0,0,0,0,0,2,0,0,0,0,0,2,0,0,0,0,0,0,0,0,0,0,0,0,0
https://vnexpress.net/shipper-thai-lan-kho-so-trong-nang-nong-4740520.html,1,0,0,0,0,0,0,0,0,0,0,0,0,0,0,0,0,0,0,0,0,0,0,0,0,0,0,0,0,0,0,0
https://vnexpress.net/nang-nong-lam-nut-duong-cao-toc-my-4622607.html,0,0,0,0,0,0,0,0,0,0,0,0,0,0,0,1,0,0,0,0,0,0,0,0,0,0,0,0,0,0,0,0
https://vnexpress.net/chi-dien-hat-nhan-chong-duoc-bien-doi-khi-hau-2230631.html,2,0,0,0,0,0,0,0,0,0,0,0,0,0,0,0,0,0,0,0,0,0,0,0,0,0,0,0,0,0,0,0
https://vnexpress.net/hien-tuong-bien-gioi-di-chuyen-lam-thay-doi-hinh-dang-cac-nuoc-4826923.html,2,0,0,0,0,0,0,0,0,0,0,0,0,0,0,0,0,0,0,0,0,0,0,0,0,0,0,0,0,0,0,0
https://vnexpress.net/hon-3-000-ty-lit-nuoc-tran-ra-tu-ho-song-bang-4830236.html,1,0,0,0,0,0,0,0,0,0,0,0,0,0,0,0,0,0,0,0,0,0,0,0,0,0,0,0,0,0,0,0
https://vnexpress.net/du-an-500-ty-usd-dong-bang-bac-cuc-chong-bien-doi-khi-hau-3546830.html,2,0,0,0,0,0,0,0,0,0,0,0,0,0,0,0,0,0,0,0,0,0,0,0,0,0,0,0,0,0,0,0
https://vnexpress.net/de-cat-chan-song-nua-trieu-usd-troi-ra-bien-trong-72-gio-4722047.html,0,0,0,0,0,1,1,0,0,0,0,0,0,0,0,0,0,0,0,0,0,0,0,0,0,0,0,0,0,0,0,0
https://vnexpress.net/chau-a-hung-thien-tai-nhieu-nhat-the-gioi-nam-2023-4737732.html,2,0,4,0,0,1,1,0,1,0,0,0,1,0,0,0,0,0,0,0,0,0,0,0,0,0,0,0,0,0,0,0
https://vnexpress.net/sieu-may-tinh-ai-giong-ban-sao-ky-thuat-so-cua-trai-dat-4735211.html,0,0,0,0,0,0,0,0,0,0,0,0,0,0,0,0,0,0,0,0,0,0,0,0,0,0,0,0,0,0,0,0
https://vnexpress.net/kien-chinh-phu-vi-mat-nha-do-sut-lo-4734650.html,7,0,0,0,0,1,1,0,0,0,0,0,0,0,0,0,0,0,1,0,0,0,0,0,0,0,0,0,0,0,0,0
https://vnexpress.net/bien-doi-khi-hau-do-hieu-ung-nha-kinh-dai-10-trieu-nam-tren-sao-hoa-3512754.html,2,0,0,0,0,0,0,0,2,0,0,0,0,0,0,0,0,0,0,0,0,0,0,0,0,0,0,0,0,0,0,0
https://vnexpress.net/giong-lua-hoan-hao-thoi-bien-doi-khi-hau-2213587.html,1,0,0,0,0,0,0,0,0,0,0,0,0,0,0,0,0,0,0,0,0,0,0,0,0,0,0,0,0,0,0,0
https://vnexpress.net/trump-chon-nguoi-phu-nhan-bien-doi-khi-hau-dung-dau-co-quan-moi-truong-3510806.html,3,0,0,0,0,0,0,0,0,0,0,0,0,0,0,0,0,0,1,0,0,0,0,0,0,0,0,0,0,0,0,0
https://vnexpress.net/nhung-sieu-bao-can-quet-the-gioi-nam-2024-4827591.html,7,0,1,0,0,0,0,0,0,0,0,0,0,0,0,0,0,0,0,0,0,0,0,0,0,0,0,0,0,0,0,0
https://vnexpress.net/phap-giup-viet-nam-ung-pho-bien-doi-khi-hau-2806408.html,4,1,0,0,0,0,0,0,0,0,0,0,0,0,0,1,0,0,2,0,0,0,0,0,0,0,0,0,0,1,0,0
https://vnexpress.net/chau-au-hung-chiu-thoi-tiet-cuc-doan-ky-luc-nam-2021-4454762.html,3,0,0,0,0,1,1,0,0,0,0,0,0,0,0,0,0,0,0,0,0,0,0,0,0,0,0,2,0,3,0,0
https://vnexpress.net/my-phong-ve-tinh-theo-doi-bien-doi-khi-hau-2209061.html,0,0,0,0,0,0,0,0,0,0,0,0,0,0,0,0,0,0,0,0,0,0,0,0,0,0,0,0,0,0,0,0
https://vnexpress.net/hop-den-trai-dat-tren-hon-dao-australia-4729333.html,4,0,0,0,0,0,0,0,1,0,0,0,0,0,0,0,0,0,0,0,0,0,0,0,0,0,0,1,0,1,0,0
https://vnexpress.net/vi-khuan-an-co2-chong-bien-doi-khi-hau-hieu-qua-3494739.html,0,0,0,0,0,0,0,0,0,0,0,0,0,0,0,1,0,0,0,0,0,0,0,0,0,0,0,0,0,0,0,0
https://vnexpress.net/co-so-thu-giu-co2-bang-dien-gio-dau-tien-tren-the-gioi-4819452.html,1,0,0,0,0,0,0,0,0,0,0,0,0,0,0,0,0,0,0,0,0,0,0,0,0,0,0,0,0,0,0,0
https://vnexpress.net/huong-giang-huong-ung-chong-bien-doi-khi-hau-1915121.html,1,0,0,0,0,0,0,0,0,0,0,0,0,0,0,0,0,0,0,0,0,0,0,0,0,0,0,0,0,0,0,0
https://vnexpress.net/trung-quoc-keu-goi-nuoc-giau-khong-ho-hao-suong-ve-khi-hau-4528965.html,5,0,0,0,0,0,0,0,1,0,0,0,0,0,0,0,0,0,0,0,0,0,0,0,0,0,0,0,0,0,0,0
https://vnexpress.net/bao-dong-do-tham-hoa-do-bien-doi-khi-hau-2201304.html,3,0,11,0,0,1,1,0,0,0,0,0,0,0,0,0,0,0,0,0,0,0,0,0,0,0,0,0,0,0,0,0
https://vnexpress.net/canada-ho-tro-viet-nam-hon-11-trieu-usd-ung-pho-bien-doi-khi-hau-3463515.html,5,1,0,0,0,0,0,0,2,0,0,0,2,0,0,0,0,0,1,0,0,0,0,0,0,0,0,0,0,0,0,0
https://vnexpress.net/16-bang-my-kien-chinh-quyen-ong-biden-4725201.html,0,0,0,0,0,0,0,0,0,0,0,0,0,0,0,0,0,0,0,0,0,0,0,0,0,0,0,0,0,0,0,0
https://vnexpress.net/nguoi-philippines-vat-va-giua-nang-nong-keo-dai-bat-thuong-4739985.html,1,0,0,0,0,0,0,0,0,0,0,0,0,0,0,0,0,0,0,0,0,0,0,0,0,0,0,0,0,0,0,0
https://vnexpress.net/lien-hop-quoc-canh-bao-hoi-an-nguy-co-bien-doi-khi-hau-3410321.html,1,0,0,0,0,1,1,0,1,0,0,0,0,0,0,0,0,0,0,0,0,0,0,0,0,0,0,1,0,1,0,0
https://vnexpress.net/gia-dua-leo-thang-khap-chau-a-4881169.html,0,0,0,0,0,0,0,0,0,0,0,0,0,0,0,0,0,0,0,0,0,0,0,0,0,0,0,0,0,0,0,0
https://vnexpress.net/nhung-nen-van-minh-co-dai-bi-diet-vong-vi-bien-doi-khi-hau-3403665.html,3,0,0,0,0,0,0,0,0,0,0,0,0,0,0,0,0,0,0,0,0,0,0,0,0,0,0,0,0,0,0,0
https://vnexpress.net/the-gioi-trai-qua-ngay-nong-nhat-lich-su-4773451.html,2,0,0,0,0,0,0,0,0,0,0,0,0,0,0,0,0,0,0,0,0,0,0,0,0,0,0,2,0,2,0,0
https://vnexpress.net/thu-tuong-nguyen-xuan-phuc-quyet-ung-pho-bien-doi-khi-hau-3389568.html,7,0,1,0,0,1,1,0,0,0,0,0,0,0,0,0,0,0,1,0,0,0,0,0,0,0,0,0,0,0,0,0
https://vnexpress.net/bao-ve-nguon-nuoc-sach-can-giai-phap-lau-dai-4716799.html,1,0,0,0,0,0,0,0,0,0,0,0,0,0,0,0,0,0,1,0,0,0,0,0,0,0,0,0,0,0,0,0
https://vnexpress.net/bien-doi-khi-hau-da-tac-dong-khap-viet-nam-2179954.html,2,0,2,0,0,1,1,0,1,0,0,0,0,0,0,0,0,0,0,0,0,0,0,0,0,0,0,0,0,3,0,0
https://vnexpress.net/viet-nam-dieu-hanh-thao-luan-ve-tac-dong-bien-doi-khi-hau-den-nhan-quyen-3364788.html,12,0,2,0,0,0,0,0,0,0,0,0,0,0,0,0,0,0,2,0,0,0,0,0,0,0,0,0,0,0,0,0
https://vnexpress.net/bin-laden-noi-ve-bien-doi-khi-hau-2176516.html,4,0,2,0,0,0,0,0,0,0,0,0,0,0,0,0,0,0,0,0,0,0,0,0,0,0,0,0,0,0,0,0
https://vnexpress.net/ho-nuoc-lon-nhat-trung-dong-bien-thanh-bai-muoi-4665741.html,0,0,0,0,0,0,0,0,0,0,0,0,0,0,0,0,0,0,0,0,0,0,0,0,0,0,0,0,0,0,0,0
https://vnexpress.net/thang-1-nong-nhat-lich-su-khien-cac-nha-khoa-hoc-bat-ngo-4846762.html,1,0,0,0,0,0,0,0,1,0,0,0,0,0,0,0,0,0,0,0,0,0,0,0,0,0,0,0,0,0,0,0
https://vnexpress.net/rung-ma-ngay-cang-lan-rong-o-my-4810462.html,1,0,0,0,0,4,4,0,0,0,0,0,0,0,0,0,0,0,0,0,0,0,0,0,0,0,0,0,0,18,0,0
https://vnexpress.net/viet-nam-dung-thu-7-toan-cau-ve-thiet-hai-do-bien-doi-khi-hau-3331856.html,7,3,2,0,0,1,1,0,0,0,0,0,0,0,0,0,0,0,0,0,0,0,0,0,0,0,0,0,0,0,0,0
https://vnexpress.net/dau-bep-phuc-vu-hoi-nghi-bien-doi-khi-hau-bi-phat-vi-pha-rung-3330576.html,1,0,0,0,0,0,0,0,0,0,0,0,0,0,0,0,0,0,0,0,0,0,0,0,0,0,0,0,0,1,0,0
https://vnexpress.net/10-cay-cau-sap-lien-tiep-o-bang-an-do-4766429.html,0,0,0,0,0,0,0,0,0,0,0,0,0,0,0,0,0,0,1,0,0,0,0,0,0,0,0,0,0,0,0,0
https://vnexpress.net/gan-200-nuoc-dat-thoa-thuan-lich-su-ve-bien-doi-khi-hau-3327053.html,4,1,0,0,0,0,0,0,0,0,0,0,1,0,0,0,0,0,0,0,0,0,0,0,0,0,0,0,0,0,0,0
https://vnexpress.net/dua-bang-bac-cuc-den-paris-de-so-thay-bien-doi-khi-hau-3324769.html,4,0,0,0,0,0,0,0,0,0,0,0,0,0,0,0,0,0,0,0,0,0,0,0,0,0,0,0,0,0,0,0
https://vnexpress.net/moi-lien-he-giua-khung-bo-va-bien-doi-khi-hau-3322535.html,18,0,1,0,0,1,1,0,0,0,0,0,0,0,0,0,0,0,0,0,0,0,0,0,0,0,0,0,0,0,0,0
https://vnexpress.net/phap-ho-tro-viet-nam-chong-bien-doi-khi-hau-2162441.html,4,0,0,0,0,1,1,0,0,0,0,0,1,0,0,0,0,0,0,0,0,0,0,0,0,0,0,0,0,0,0,0
https://vnexpress.net/khai-mac-hoi-nghi-ve-bien-doi-khi-hau-toan-cau-tai-paris-3320362.html,5,0,0,0,0,0,0,0,0,0,1,0,0,0,0,1,0,0,0,0,0,0,0,0,0,0,0,1,0,1,0,0
https://vnexpress.net/viet-nam-cam-ket-ung-pho-tich-cuc-voi-bien-doi-khi-hau-3320933.html,3,0,0,0,0,0,0,0,1,0,0,0,0,0,0,0,0,0,0,0,0,0,0,0,0,0,0,0,0,0,0,0
https://vnexpress.net/loc-xoay-hinh-thanh-trong-bao-milton-4802295.html,1,0,0,0,0,0,0,0,0,0,0,0,0,0,0,0,0,0,0,0,0,0,0,0,0,0,0,0,0,0,0,0
https://vnexpress.net/chu-ky-nuoc-cua-trai-dat-ngay-cang-that-thuong-4801486.html,1,0,0,0,0,0,0,0,0,0,0,0,0,0,0,0,0,0,0,0,0,0,0,0,0,0,0,0,0,0,0,0
https://vnexpress.net/nui-phu-si-co-tuyet-tro-lai-4812655.html,1,0,0,0,0,0,0,0,0,0,0,0,0,0,0,0,0,0,0,0,0,0,0,0,0,0,0,0,0,0,0,0
https://vnexpress.net/de-xuat-xay-2-ho-tru-nuoc-ngot-tai-mien-tay-4764434.html,0,0,0,0,0,0,0,0,0,0,0,0,0,0,0,0,0,0,1,0,0,0,0,0,0,0,0,1,0,2,0,0
https://vnexpress.net/5-500-song-bang-everest-co-the-bien-mat-vi-bien-doi-khi-hau-3225679.html,1,0,0,0,0,0,0,0,0,0,0,0,0,0,0,0,0,0,0,0,0,0,0,0,0,0,0,0,0,0,0,0
https://vnexpress.net/cac-loai-chim-nho-dan-vi-bien-doi-khi-hau-2157364.html,0,0,0,0,0,0,0,0,0,0,0,0,0,0,0,0,0,0,0,0,0,0,0,0,0,0,0,0,0,0,0,0
https://vnexpress.net/benh-di-ung-tang-vi-bien-doi-khi-hau-2156533.html,0,0,0,0,0,0,0,0,0,0,0,0,0,0,0,0,0,0,0,0,0,0,0,0,0,0,0,0,0,0,0,0
https://vnexpress.net/trien-lam-tranh-biem-hoa-ve-bien-doi-khi-hau-tai-ha-noi-3287633.html,3,0,0,0,0,0,0,0,0,0,0,0,0,0,0,0,0,0,0,0,0,0,0,0,0,0,0,0,0,0,0,0
https://vnexpress.net/du-an-tai-tao-vung-ven-bien-lon-nhat-the-gioi-4741367.html,1,0,0,0,0,0,0,0,0,0,0,0,0,0,0,0,0,0,0,0,0,0,0,0,0,0,0,0,0,2,0,1
https://vnexpress.net/chau-au-tuan-hanh-chong-bien-doi-khi-hau-2150388.html,0,0,0,0,0,0,0,0,0,0,0,0,0,0,0,0,0,0,0,0,0,0,0,0,0,0,0,0,0,0,0,0
https://vnexpress.net/thi-the-hien-su-bien-doi-khi-hau-bang-phim-2150040.html,2,0,0,0,0,0,0,0,0,0,0,0,0,0,0,0,0,0,0,0,0,0,0,0,0,0,0,0,0,0,0,0
https://vnexpress.net/bien-doi-khi-hau-lam-tang-nguy-co-chien-tranh-2149582.html,1,0,0,0,1,0,0,0,0,0,0,0,0,0,0,0,0,0,0,0,0,0,0,0,0,0,0,0,0,0,0,0
https://vnexpress.net/chong-bien-doi-khi-hau-bang-bao-cao-su-2149247.html,1,0,0,0,0,0,0,0,0,0,0,0,0,0,0,0,0,0,2,0,0,0,0,0,0,0,0,0,0,0,0,0
https://vnexpress.net/ngay-hanh-dong-vi-bien-doi-khi-hau-quoc-te-2147411.html,12,0,0,0,0,0,0,0,0,0,0,0,0,0,0,0,0,0,0,0,0,0,0,0,0,0,0,0,0,0,0,0
https://vnexpress.net/phap-thuc-giuc-asean-dua-ra-cam-ket-ve-bien-doi-khi-hau-3247275.html,3,0,0,0,0,0,0,0,2,0,0,0,2,0,0,0,0,0,1,0,0,0,0,0,0,0,0,0,0,0,0,0
https://vnexpress.net/lanh-dao-the-gioi-hop-ve-bien-doi-khi-hau-2145218.html,3,0,0,0,0,0,0,0,0,0,0,0,0,0,0,0,0,0,0,0,0,0,0,0,0,0,0,0,0,2,0,0
https://vnexpress.net/hang-trieu-nguoi-nepal-doi-vi-bien-doi-khi-hau-2143503.html,2,0,0,0,0,0,0,0,0,0,0,0,0,0,0,0,0,0,0,0,0,0,0,0,0,0,0,0,0,0,0,0
https://vnexpress.net/trai-dat-nghieng-hon-vi-bien-doi-khi-hau-2142733.html,0,0,0,0,0,0,0,0,0,0,0,0,0,0,0,0,0,0,0,0,0,0,0,0,0,0,0,0,0,0,0,0
https://vnexpress.net/phap-mong-viet-nam-neu-cam-ket-cu-the-ve-bien-doi-khi-hau-3235228.html,3,0,0,0,0,1,1,0,3,0,0,0,5,0,0,1,0,0,2,0,0,0,0,0,0,0,0,0,0,0,0,0
https://vnexpress.net/gau-bac-cuc-an-thit-ca-heo-do-bien-doi-khi-hau-3233376.html,1,0,0,0,0,0,0,0,0,0,0,0,0,0,0,0,0,0,0,0,0,0,0,0,0,0,0,0,0,0,0,0
https://vnexpress.net/su-kien-tay-trang-san-ho-toan-cau-lon-nhat-lich-su-4806041.html,1,0,0,0,0,0,0,0,0,0,0,0,0,0,0,0,0,0,0,0,0,0,0,0,0,0,0,0,0,0,0,1
https://vnexpress.net/2024-tro-thanh-nam-nong-nhat-lich-su-4838040.html,1,0,0,0,0,0,0,0,0,0,0,0,0,0,0,0,0,0,0,0,0,0,0,0,0,0,0,1,0,1,0,0
https://vnexpress.net/nen-van-minh-troi-day-nho-bien-doi-khi-hau-2133691.html,0,0,0,0,0,0,0,0,0,0,0,0,0,0,0,0,0,0,0,0,0,0,0,0,0,0,0,0,0,1,0,0
https://vnexpress.net/g8-dat-muc-tieu-moi-chong-bien-doi-khi-hau-2129726.html,1,0,0,0,0,0,0,0,0,0,0,0,0,0,0,0,0,0,0,0,0,0,0,0,0,0,0,0,0,0,0,1
https://vnexpress.net/phap-cho-viet-nam-vay-them-20-trieu-euro-ung-pho-bien-doi-khi-hau-3220538.html,4,1,0,0,0,0,0,0,0,0,0,0,0,0,0,0,0,0,4,0,0,0,0,0,0,0,0,0,0,0,0,0
https://vnexpress.net/thao-chay-o-at-do-bien-doi-khi-hau-2133445.html,1,0,1,0,0,0,0,0,0,0,0,0,0,0,0,0,0,0,0,0,0,0,0,0,0,0,0,0,0,0,0,0
https://vnexpress.net/dong-vat-nho-dan-vi-bien-doi-khi-hau-2129314.html,0,0,0,0,0,0,0,0,0,0,0,0,0,0,0,0,0,0,0,0,0,0,0,0,0,0,0,0,0,0,0,0
https://vnexpress.net/bao-dang-manh-len-gay-mua-nhieu-hon-va-dich-len-huong-bac-4793679.html,0,0,0,0,0,0,0,0,0,0,0,0,0,0,0,0,0,0,0,0,0,0,0,0,0,0,0,0,0,0,0,0
https://vnexpress.net/tang-truong-chau-a-thuc-day-bien-doi-khi-hau-2133097.html,4,0,0,0,0,0,0,0,0,0,0,0,0,0,0,0,0,0,0,0,0,0,0,0,0,0,0,0,0,1,0,0
https://vnexpress.net/gio-co-the-suy-yeu-vi-bien-doi-khi-hau-2132546.html,2,0,0,0,0,0,0,0,0,0,0,0,0,0,0,0,0,0,0,0,0,0,0,0,0,0,0,0,0,0,0,0
https://vnexpress.net/tro-cap-nong-nghiep-de-chong-bien-doi-khi-hau-2141570.html,5,0,0,0,0,0,0,0,0,0,0,0,0,0,0,0,0,0,0,0,0,0,0,0,0,0,0,0,0,2,0,0
https://vnexpress.net/nhung-loai-dong-thuc-vat-bi-de-doa-do-bien-doi-khi-hau-3174108.html,2,0,0,0,0,0,0,0,0,0,0,0,0,0,0,0,0,0,0,0,0,0,0,0,0,0,0,0,0,3,0,0
https://vnexpress.net/viet-nam-ung-ho-thiet-lap-thi-truong-dien-asean-4803150.html,3,2,0,0,0,0,0,0,2,0,0,0,4,0,0,1,1,0,2,0,0,0,0,0,0,0,0,0,0,0,0,0
https://vnexpress.net/doi-tinh-nhan-dap-xe-tu-tp-hcm-den-paris-chong-bien-doi-khi-hau-3161719.html,8,0,1,0,0,0,0,0,0,0,0,0,0,0,0,0,0,0,0,0,0,0,0,0,0,0,0,0,0,0,0,0
https://vnexpress.net/gan-mot-nua-nha-tai-my-co-nguy-co-anh-huong-boi-bao-lu-4803475.html,0,0,4,0,0,0,0,0,0,0,0,0,0,0,0,0,0,0,0,0,0,0,0,0,0,0,0,2,0,2,0,0
https://vnexpress.net/thach-thuc-dao-duc-cua-bien-doi-khi-hau-2124041.html,9,0,2,0,0,2,2,0,0,0,0,0,0,0,0,0,0,0,0,0,0,0,0,0,0,0,0,0,0,1,0,0
https://vnexpress.net/nguoi-canada-don-giang-sinh-khong-co-tuyet-4692661.html,1,0,0,0,0,0,0,0,0,0,0,0,0,0,0,0,0,0,0,0,0,0,0,0,0,0,0,0,0,0,0,0
https://vnexpress.net/unicef-giao-duc-ben-vung-can-to-chuc-chinh-phu-doanh-nghiep-chung-tay-4800262.html,30,0,6,0,0,0,0,0,0,0,0,0,2,0,0,20,0,0,6,0,0,0,0,0,0,0,0,0,0,0,0,0
https://vnexpress.net/bao-tuyet-juno-va-moi-lien-he-voi-bien-doi-khi-hau-3139957.html,7,0,0,0,0,0,0,0,0,0,0,0,0,0,0,0,0,0,0,0,0,0,0,0,0,0,0,0,0,0,0,0
https://vnexpress.net/danh-3-000-ty-dong-ung-pho-voi-bien-doi-khi-hau-3135101.html,1,1,0,0,0,0,0,0,0,0,0,0,0,0,0,0,0,0,0,0,0,0,0,0,0,0,0,0,1,3,0,0
https://vnexpress.net/chinh-quyen-biden-chay-dua-rot-74-ty-usd-cho-khi-hau-truoc-them-trump-2-0-4839279.html,3,0,0,0,0,0,0,0,0,0,0,0,0,0,0,0,0,0,2,0,0,0,0,0,0,0,0,1,0,1,0,0
https://vnexpress.net/ran-luc-duoi-do-nhieu-bat-thuong-do-bien-doi-khi-hau-3134610.html,1,0,0,0,0,0,0,0,0,0,0,0,0,0,0,0,0,0,0,0,0,0,0,0,0,0,0,0,0,0,0,0
https://vnexpress.net/viet-nam-tim-cach-loai-tru-cac-chat-lam-suy-giam-tang-ozone-4653657.html,4,0,0,0,0,0,0,10,0,0,0,0,0,0,0,0,0,0,0,0,0,0,0,0,0,0,0,0,0,0,0,0
https://vnexpress.net/chinh-phu-duc-thua-kien-hai-to-chuc-moi-truong-4683290.html,1,0,0,0,0,0,0,0,0,0,0,0,1,0,0,0,0,0,0,0,0,0,0,0,0,0,0,0,0,0,0,0
https://vnexpress.net/nguy-co-chien-tranh-thuong-mai-khi-my-rut-khoi-hiep-dinh-chong-bien-doi-khi-hau-3593850.html,2,0,0,0,0,0,0,0,0,0,0,0,0,0,0,0,0,0,1,0,0,0,0,0,0,0,0,0,0,0,0,0
https://vnexpress.net/venezuela-tro-thanh-quoc-gia-dau-tien-mat-tat-ca-song-bang-4743789.html,0,0,0,0,0,0,0,0,0,0,0,0,0,0,0,0,0,0,0,0,0,0,0,0,0,0,0,0,0,0,0,0
https://vnexpress.net/cau-truc-chim-trong-dao-giua-bien-4642134.html,1,0,0,0,0,3,3,0,0,0,0,0,0,0,0,0,0,0,0,0,0,0,0,0,0,0,0,0,0,0,0,0
https://vnexpress.net/5-su-kien-dai-tuyet-chung-lon-nhat-trong-lich-su-trai-dat-4870171.html,0,0,0,0,0,0,0,0,1,0,0,0,0,0,0,0,0,0,0,0,0,0,0,0,0,0,0,1,0,1,0,0
https://vnexpress.net/bangladesh-so-tan-hang-tram-nghin-nguoi-truoc-bao-4527362.html,1,0,0,0,0,0,0,0,0,0,0,0,0,0,0,0,0,0,0,0,0,0,0,0,0,0,0,0,0,0,0,0
https://vnexpress.net/ngay-cang-nhieu-nan-nhan-cua-bien-doi-khi-hau-2109725.html,4,0,0,0,0,0,0,0,1,0,0,0,0,0,0,0,0,0,0,0,0,0,0,0,0,0,0,0,0,0,0,0
https://vnexpress.net/bao-nalgae-khien-72-nguoi-chet-o-philippines-4529476.html,1,0,0,0,0,0,0,0,0,0,0,0,0,0,0,0,0,0,0,0,0,0,0,0,0,0,0,0,0,1,0,0
https://vnexpress.net/phap-cho-vay-20-trieu-euro-ung-pho-voi-bien-doi-khi-hau-3087866.html,5,3,0,0,0,0,0,0,0,0,0,0,0,0,0,0,0,0,1,0,0,0,0,0,0,0,0,0,0,0,0,0
https://vnexpress.net/3-000-ty-dong-cho-cac-du-an-ung-pho-bien-doi-khi-hau-3085858.html,5,5,0,0,0,0,0,0,0,0,0,0,0,0,0,0,0,0,0,0,0,0,0,0,0,0,0,0,1,5,0,0
https://vnexpress.net/viet-nam-cam-ket-day-manh-thich-ung-bien-doi-khi-hau-3084218.html,8,0,0,0,0,1,1,0,2,0,0,0,0,0,0,0,0,0,0,0,0,0,0,0,0,0,0,0,0,0,0,0
https://vnexpress.net/ly-bang-bang-phat-bieu-tai-hoi-nghi-bien-doi-khi-hau-3083886.html,1,0,0,0,0,0,0,0,0,0,0,0,0,0,0,0,0,0,0,0,0,0,0,0,0,0,0,0,0,0,0,0
https://vnexpress.net/tuan-hanh-vi-bien-doi-khi-hau-tren-khap-the-gioi-3083083.html,4,0,0,0,0,0,0,0,0,0,0,0,0,0,0,0,0,0,0,0,0,0,0,0,0,0,0,1,0,1,0,0
https://vnexpress.net/tong-thu-ky-lhq-keu-goi-hop-suc-chong-bien-doi-khi-hau-3083863.html,10,0,0,0,0,0,0,0,1,0,0,0,1,0,0,1,0,0,0,0,0,0,0,0,0,0,0,0,0,1,0,0
https://vnexpress.net/dai-su-anh-den-luc-hanh-dong-chong-bien-doi-khi-hau-3080699.html,7,0,1,0,0,0,0,0,1,0,0,0,4,0,0,0,1,0,0,0,0,0,0,0,0,0,0,0,0,0,0,0
https://vnexpress.net/hang-tram-chim-canh-cut-nhay-tu-vach-da-cao-15-m-vi-doi-4733760.html,3,0,0,0,0,0,0,0,0,0,0,0,0,0,0,0,0,0,0,0,0,0,0,0,0,0,0,0,0,0,0,0
https://vnexpress.net/loc-xoay-tan-cong-quang-chau-5-nguoi-chet-4739952.html,0,0,0,0,0,0,0,0,0,0,0,0,0,0,0,0,0,0,0,0,0,0,0,0,0,0,0,0,0,0,0,0
https://vnexpress.net/nuoc-bien-am-len-de-doa-mon-sushi-cua-nhat-4647819.html,2,0,0,0,0,0,0,0,0,0,0,0,0,0,0,0,0,0,1,0,0,0,0,0,0,0,0,0,0,0,0,0
https://vnexpress.net/mon-bien-doi-khi-hau-duoc-dua-vao-dao-tao-dai-hoc-3009564.html,4,0,0,0,0,0,0,0,0,0,0,0,2,0,0,0,0,0,0,0,0,0,0,0,0,0,0,0,0,2,0,0
https://vnexpress.net/4-trieu-euro-giam-nhe-bien-doi-khi-hau-o-viet-nam-3003065.html,3,2,0,0,0,0,0,0,0,0,0,0,0,0,0,0,0,0,0,0,0,0,0,0,0,0,0,0,0,0,0,0
https://vnexpress.net/5-nguyen-nhan-khien-lu-quet-sat-lo-tan-pha-lang-nu-4793102.html,1,0,2,0,0,0,0,0,0,0,0,0,0,0,0,0,0,0,0,0,0,0,0,0,0,0,0,0,0,4,0,0
https://vnexpress.net/2-500-usd-cho-anh-xuat-sac-chup-bien-doi-khi-hau-3001416.html,3,0,0,0,0,0,0,0,0,0,0,0,0,0,0,0,0,0,0,0,0,0,0,0,0,0,0,0,0,0,0,0
https://vnexpress.net/hon-49-trieu-usd-cho-thich-ung-bien-doi-khi-hau-o-mien-tay-2991040.html,6,0,0,0,0,0,0,0,0,0,0,0,0,0,0,0,0,0,0,0,0,0,0,0,0,0,0,0,0,0,0,0
https://vnexpress.net/bao-nanmadol-do-bo-hang-tram-nghin-ho-dan-nhat-ban-mat-dien-4513085.html,1,0,0,0,0,0,0,0,0,0,0,0,0,0,0,0,0,0,0,0,0,0,0,0,0,0,0,0,0,0,0,0
https://vnexpress.net/lu-quet-tan-cong-mien-trung-italy-10-nguoi-chet-4512472.html,1,0,0,0,0,0,0,0,0,0,0,0,0,0,0,0,0,0,0,0,0,0,0,0,0,0,0,0,0,0,0,0
https://vnexpress.net/huong-nghien-cuu-uu-tien-trong-chuong-trinh-kc08-4669956.html,3,1,3,0,0,0,0,0,0,0,0,0,0,0,4,0,0,0,1,0,0,0,0,0,0,0,0,0,0,0,0,0
https://vnexpress.net/ho-lon-nhat-pakistan-nguy-co-vo-bo-4507686.html,3,0,0,0,0,0,0,0,0,0,0,0,0,0,0,0,0,0,0,0,0,0,0,0,0,0,0,0,0,0,0,0
https://vnexpress.net/han-han-o-chau-au-toi-te-nhat-500-nam-4503202.html,1,0,0,0,0,0,0,0,0,0,0,0,0,0,0,0,0,0,0,0,0,0,0,0,0,0,0,2,0,2,0,0
https://vnexpress.net/nang-nong-day-gia-trung-ga-trung-quoc-tang-vot-4500655.html,1,0,0,0,0,0,0,0,0,0,0,0,0,0,0,0,0,0,0,0,0,0,0,0,0,0,0,0,0,0,0,0
https://vnexpress.net/do-thi-viet-nam-ung-pho-voi-bien-doi-khi-hau-2935825.html,4,1,0,0,0,0,0,0,0,0,0,0,0,0,0,0,0,0,0,0,0,0,0,0,0,0,0,0,0,0,0,0
https://vnexpress.net/moi-nguy-tu-virus-thay-ma-ngu-dong-50-000-nam-4663117.html,1,0,0,0,0,0,0,0,0,0,0,0,0,0,0,0,0,0,0,0,0,0,0,0,0,0,0,0,0,0,0,0
https://vnexpress.net/phap-hung-chiu-han-han-toi-te-nhat-lich-su-4496393.html,0,0,0,0,0,0,0,0,0,0,0,0,0,0,0,0,0,0,0,0,0,0,0,0,0,0,0,0,0,0,0,0
https://vnexpress.net/my-vien-tro-viet-nam-17-trieu-usd-chong-bien-doi-khi-hau-2923914.html,3,0,0,0,0,0,0,0,0,0,0,0,0,0,0,0,0,0,0,0,0,0,0,0,0,0,0,0,0,1,0,0
https://vnexpress.net/phap-chia-se-kinh-nghiem-ve-ung-pho-bien-doi-khi-hau-2919718.html,10,1,0,0,0,0,0,0,0,0,0,0,0,0,0,0,0,0,2,0,0,0,0,0,0,0,0,0,0,0,0,0
https://vnexpress.net/no-kho-dan-o-duc-4495900.html,0,0,0,0,0,0,0,0,0,0,0,0,0,0,0,0,0,0,0,0,0,0,0,0,0,0,0,3,0,6,0,0
https://vnexpress.net/ha-lan-thieu-nuoc-toan-quoc-do-nang-nong-4495726.html,1,0,0,0,0,0,0,0,0,0,0,0,0,0,0,0,0,0,0,0,0,0,0,0,0,0,0,1,0,1,0,0
https://vnexpress.net/viet-nam-dong-gop-tich-cuc-tai-hoi-nghi-bien-doi-khi-hau-2910874.html,8,2,2,0,0,0,0,0,1,0,0,0,0,0,0,0,0,0,0,0,0,0,0,0,0,0,0,0,0,0,0,0
https://vnexpress.net/tac-pham-trung-chin-tren-mat-duong-canh-bao-ve-nong-len-toan-cau-4655312.html,0,0,0,0,0,0,0,0,0,0,0,0,0,0,0,0,0,0,0,0,0,0,0,0,0,0,0,0,0,0,0,0
https://vnexpress.net/xem-tv-cung-lam-bien-doi-khi-hau-2076812.html,1,0,0,0,0,0,0,0,0,0,0,0,0,0,0,0,0,0,0,0,0,0,0,0,0,0,0,0,0,0,0,0
https://vnexpress.net/ngoi-lang-thai-lan-bi-nuoc-bien-nuot-chung-4621221.html,2,0,0,0,0,2,2,0,0,0,0,0,0,0,0,0,0,0,0,0,0,0,0,0,0,0,0,0,0,3,0,0
https://vnexpress.net/loc-xoay-o-trung-quoc-10-nguoi-chet-4655483.html,1,0,0,0,0,0,0,0,0,0,0,0,0,0,0,0,0,0,0,0,0,0,0,0,0,0,0,0,0,0,0,0
https://vnexpress.net/so-luong-tham-hoa-o-my-tang-ky-luc-4652151.html,3,0,1,0,0,0,0,0,0,0,0,0,0,0,0,0,0,0,0,0,0,0,0,0,0,0,0,1,0,1,0,0
https://vnexpress.net/viet-nam-can-nguon-von-lon-de-chuyen-doi-nang-luong-4684498.html,7,0,0,0,0,0,0,0,1,0,0,0,4,0,0,3,0,0,0,0,0,0,0,0,0,0,0,0,0,3,0,0
https://vnexpress.net/trong-cay-o-sa-mac-giup-giam-nhe-bien-doi-khi-hau-2859412.html,3,0,0,0,0,0,0,0,0,0,0,0,0,0,0,0,0,0,0,0,0,0,0,0,0,0,0,0,0,2,0,0
https://vnexpress.net/viet-nam-dung-truoc-6-thach-thuc-lon-ve-an-ninh-nguon-nuoc-4651793.html,1,0,0,0,0,0,0,0,0,0,0,0,0,0,1,0,0,0,0,0,0,0,0,0,0,0,0,0,0,1,0,0
https://vnexpress.net/ca-voi-xam-tai-xuat-o-dai-tay-duong-sau-200-nam-4718906.html,3,1,0,0,0,0,0,0,0,0,0,0,0,0,0,0,0,0,0,0,0,0,0,0,0,0,0,0,0,0,0,0
https://vnexpress.net/tai-sao-hong-kong-hung-chiu-mua-lu-lon-bat-thuong-4651593.html,4,0,1,0,0,0,0,0,0,0,0,0,0,0,0,0,0,0,0,0,0,0,0,0,0,0,0,0,0,0,0,0
https://vnexpress.net/the-gioi-duy-tri-vu-khi-chong-bien-doi-khi-hau-2399851.html,6,0,0,0,0,0,0,0,0,0,0,0,0,0,0,0,0,0,0,0,0,0,0,0,0,0,0,0,0,0,0,0
https://vnexpress.net/dan-mach-uu-tien-giup-viet-nam-doi-pho-bien-doi-khi-hau-2848223.html,5,0,0,0,0,0,0,0,0,0,0,0,0,0,0,0,0,0,0,0,0,0,0,0,0,0,0,0,0,0,0,0
https://vnexpress.net/nha-hoat-dong-phun-son-len-du-thuyen-cua-nguoi-thua-ke-walmart-4651104.html,1,0,0,0,0,0,0,0,1,0,0,0,0,0,0,0,0,0,0,0,0,0,0,0,0,0,0,0,0,0,0,0
https://vnexpress.net/obama-khong-chong-bien-doi-khi-hau-la-phan-boi-hau-the-2417020.html,5,0,0,0,0,0,0,0,0,0,0,0,0,0,0,0,0,0,0,0,0,0,0,0,0,0,0,0,0,0,0,0
https://vnexpress.net/bien-doi-khi-hau-bien-rua-duc-thanh-rua-cai-2034496.html,2,0,0,0,0,1,1,0,0,0,0,0,0,0,0,0,0,0,0,0,0,0,0,0,0,0,0,0,0,0,0,0
https://vnexpress.net/song-bang-nut-voi-toc-do-ky-luc-gan-130-km-h-4717461.html,1,0,0,0,0,1,1,0,0,0,0,0,0,0,0,0,0,0,0,0,0,0,0,0,0,0,0,0,0,0,0,0
https://vnexpress.net/day-tre-bao-ve-moi-truong-qua-sach-bien-doi-khi-hau-2757188.html,2,0,0,0,0,0,0,0,0,0,0,0,0,0,0,0,0,0,0,0,0,0,0,0,0,0,0,0,0,0,0,0
https://vnexpress.net/the-gioi-2024-qua-nhung-hinh-anh-an-tuong-4828449.html,0,0,2,0,0,2,2,0,0,0,0,0,0,0,0,0,0,0,0,0,0,0,0,0,0,0,0,0,0,0,0,0
https://vnexpress.net/han-han-nong-dan-indonesia-dao-long-song-tim-nuoc-4639559.html,0,0,0,0,0,0,0,0,0,0,0,0,0,0,0,0,0,0,0,0,0,0,0,0,0,0,0,1,0,1,0,0
https://vnexpress.net/brazil-gia-ret-bat-thuong-4465738.html,1,0,0,0,0,0,0,0,0,0,0,0,0,0,0,0,0,0,0,0,0,0,0,0,0,0,0,0,0,0,0,0
https://vnexpress.net/nga-dua-bo-bison-toi-bac-cuc-de-thay-the-voi-ma-mut-4639993.html,2,0,0,0,0,0,0,0,0,0,0,0,0,0,0,0,0,0,0,0,0,0,0,0,0,0,0,0,0,8,0,0
https://vnexpress.net/hoa-i-nghi-ve-lien-he-giua-el-nino-va-bien-doi-khi-hau-2409886.html,1,0,0,0,0,0,0,0,0,0,0,0,0,0,0,0,0,0,0,0,0,0,0,0,0,0,0,0,0,0,0,0
https://vnexpress.net/phap-ho-tro-viet-nam-ung-pho-voi-bien-doi-khi-hau-2392725.html,3,2,0,0,0,0,0,0,0,0,0,0,0,0,0,0,0,0,0,0,0,0,0,0,0,0,0,0,0,0,0,0
https://vnexpress.net/bang-tan-lam-ngay-tren-trai-dat-dai-hon-4770429.html,7,0,0,0,0,0,0,0,0,0,0,0,0,0,0,0,0,0,0,0,0,0,0,0,0,0,0,0,0,0,0,0
https://vnexpress.net/vai-tram-loai-chim-se-bien-mat-vi-bien-doi-khi-hau-2224949.html,2,0,0,0,0,0,0,0,0,0,0,0,0,0,0,0,0,0,0,0,0,0,0,0,0,0,0,0,0,5,0,0
https://vnexpress.net/da-lat-pho-suong-mu-thanh-mien-song-nuoc-4628799.html,1,0,0,0,0,0,0,0,0,0,0,0,0,0,0,0,0,0,0,0,0,0,0,0,0,0,0,0,0,2,0,0
https://vnexpress.net/el-nino-khien-mien-bac-chuyen-lanh-sau-4704390.html,3,0,0,0,0,0,0,0,1,0,0,0,0,0,0,0,0,0,0,0,0,0,0,0,0,0,0,0,0,0,0,0
https://vnexpress.net/nhung-xac-uop-co-xua-nhat-the-gioi-dang-bi-de-doa-4767250.html,2,0,0,0,0,0,0,0,0,0,0,0,0,0,0,0,0,0,0,0,0,0,0,0,0,0,0,0,0,0,0,0
https://vnexpress.net/hang-nghin-ca-chet-dat-vao-bo-song-iraq-giua-dot-kho-han-4624932.html,1,0,0,0,0,0,0,0,0,0,0,0,0,0,0,0,0,0,0,0,0,0,0,0,0,0,0,0,0,0,0,0
https://vnexpress.net/trung-quoc-o-nhiem-te-di-sau-10-nam-cai-thien-4692303.html,1,0,0,0,0,0,0,0,2,0,0,0,0,0,0,0,0,0,0,0,0,0,0,0,0,0,0,0,0,0,0,0
https://vnexpress.net/qua-trinh-khien-hang-ty-cua-tuyet-bien-mat-tai-alaska-4784479.html,1,0,0,0,0,0,0,0,0,0,0,0,0,0,0,0,0,0,0,0,0,0,0,0,0,0,0,0,0,0,0,0
https://vnexpress.net/the-gioi-trai-qua-thang-6-nong-nhat-lich-su-4626152.html,0,0,0,0,0,1,1,0,0,0,0,0,0,0,0,0,0,0,0,0,0,0,0,0,0,0,0,0,0,0,0,0
https://vnexpress.net/ky-luc-nhiet-do-the-gioi-bi-pha-vo-trong-hai-ngay-lien-tiep-4625750.html,4,0,0,0,0,0,0,0,0,0,0,0,0,0,0,0,0,0,0,0,0,0,0,0,0,0,0,0,0,0,0,0
https://vnexpress.net/he-thong-phan-huy-methane-nhanh-gap-100-trieu-lan-tu-nhien-4691003.html,1,0,0,0,0,0,0,0,1,0,16,0,0,0,0,0,0,0,0,0,0,0,0,0,0,0,0,0,0,0,0,0
https://vnexpress.net/con-bao-ton-tai-lau-nhat-lich-su-4765594.html,2,0,0,0,0,0,0,0,0,0,0,0,0,0,0,0,0,0,1,0,0,0,0,0,0,0,0,0,0,0,0,0
https://vnexpress.net/gioi-sieu-giau-phat-thai-tuong-duong-2-3-dan-so-toan-cau-4679278.html,1,0,0,0,0,0,0,0,0,0,0,0,0,0,0,2,0,0,1,0,0,0,0,0,0,0,0,0,0,0,0,0
https://vnexpress.net/bien-doi-khi-hau-thay-doi-dien-mao-khu-sinh-quyen-cat-ba-2206627.html,5,1,1,0,0,1,1,0,0,0,0,0,1,0,0,0,0,0,0,0,0,0,0,0,0,0,0,0,0,2,0,0
https://vnexpress.net/98-nguoi-chet-vi-nang-nong-o-an-do-4619023.html,1,0,0,0,0,0,0,0,0,0,0,0,0,0,0,0,0,0,0,0,0,0,0,0,0,0,0,0,0,0,0,0
https://vnexpress.net/bien-doi-khi-hau-ham-nong-chien-tranh-lanh-o-bac-cuc-2228755.html,1,0,0,0,0,0,0,0,0,0,0,0,0,0,0,0,0,0,1,0,0,0,0,0,0,0,0,0,0,0,0,0
https://vnexpress.net/nam-2023-co-the-tro-thanh-nam-nong-nhat-trong-lich-su-4618621.html,2,0,0,0,0,0,0,0,0,0,0,0,0,0,0,0,0,0,0,0,0,0,0,0,0,0,0,0,0,0,0,0
https://vnexpress.net/the-gioi-ghi-nhan-muc-nhiet-dau-thang-6-cao-nhat-lich-su-4618306.html,2,0,0,0,0,0,0,0,0,0,0,0,0,0,0,0,0,0,0,0,0,0,0,0,0,0,0,0,0,0,0,0
https://vnexpress.net/muc-nuoc-bien-dat-muc-cao-nhat-lich-su-khi-nao-4726564.html,1,0,0,0,0,0,0,0,0,0,0,0,0,0,0,0,0,0,0,0,0,0,0,0,0,0,0,0,0,0,0,0
https://vnexpress.net/dua-cong-nghe-tri-tue-nhan-tao-vao-du-bao-som-rui-ro-thien-tai-4752518.html,10,1,9,0,0,0,0,0,0,0,0,0,0,0,3,0,0,0,0,0,0,0,0,0,0,0,0,0,0,0,0,0
https://vnexpress.net/nhung-su-kien-truyen-cam-hung-nam-2023-4693271.html,4,0,0,0,0,0,0,0,0,0,0,0,0,0,0,0,0,0,0,0,0,0,0,0,0,0,0,0,0,6,0,0
https://vnexpress.net/hoa-hau-huong-giang-lam-dai-su-ve-bien-doi-khi-hau-2202534.html,9,0,0,0,0,0,0,0,0,0,0,0,0,0,0,1,0,0,0,0,0,0,0,0,0,0,0,0,0,0,0,0
https://vnexpress.net/mua-lon-gay-ngap-nhieu-thanh-pho-mien-nam-trung-quoc-4615602.html,1,0,0,0,0,0,0,0,0,0,0,0,0,0,0,0,0,0,0,0,0,0,0,0,0,0,0,0,0,0,0,1
https://vnexpress.net/luong-khi-thai-nha-kinh-dat-muc-ky-luc-4529039.html,7,0,2,0,0,0,0,0,1,0,1,0,1,0,0,0,0,0,0,0,0,0,0,0,0,0,0,0,0,0,0,0
https://vnexpress.net/hinh-thanh-nhom-nghien-cuu-manh-giai-bai-toan-vung-dbscl-4694853.html,4,0,0,0,0,0,0,0,0,0,0,0,0,0,4,0,0,0,0,0,0,0,0,0,0,0,0,0,0,1,0,0
https://vnexpress.net/4-con-bao-cung-xuat-hien-o-thai-binh-duong-nhin-tu-vu-tru-4816736.html,0,0,0,0,0,0,0,0,0,0,0,0,0,0,0,0,0,0,0,0,0,0,0,0,0,0,0,0,0,0,0,0
https://vnexpress.net/thuc-pham-tinh-yeu-se-dat-hon-do-bien-doi-khi-hau-2214709.html,1,0,0,0,0,0,0,0,0,0,0,0,0,0,0,0,0,0,0,0,0,0,0,0,0,0,0,0,0,0,0,0
https://vnexpress.net/trang-trai-cay-nhan-tao-hut-1-000-tan-co2-moi-ngay-4421020.html,1,0,0,0,0,0,0,0,1,0,0,0,0,0,0,0,0,0,0,0,0,0,0,0,0,0,0,0,0,0,0,0
https://vnexpress.net/con-nguoi-dang-day-trai-dat-toi-nguong-nguy-hiem-4612728.html,0,0,0,0,0,0,0,0,0,0,0,0,0,0,0,0,0,0,0,0,0,0,0,0,0,0,0,0,0,0,0,0
https://vnexpress.net/dao-bang-lon-nhat-troi-len-vi-bien-doi-khi-hau-2213044.html,0,0,0,0,0,0,0,0,0,0,0,0,0,0,0,0,0,0,0,0,0,0,0,0,0,0,0,0,0,0,0,0
https://vnexpress.net/tao-kenh-hop-tac-moi-de-ung-pho-voi-bien-doi-khi-hau-2211256.html,4,0,0,0,0,0,0,0,0,0,0,0,0,0,0,0,0,0,0,0,0,0,0,0,0,0,0,0,0,0,0,0
https://vnexpress.net/mien-bac-trung-quoc-ret-chua-tung-thay-4691317.html,0,0,0,0,0,0,0,0,0,0,0,0,0,0,0,0,0,0,0,0,0,0,0,0,0,0,0,0,0,0,0,0
https://vnexpress.net/doanh-nghiep-vung-song-cuu-long-doi-pho-bien-doi-khi-hau-2210264.html,8,1,0,0,0,1,1,0,0,0,0,0,0,0,0,0,0,0,1,0,0,0,0,0,0,0,0,0,0,1,0,0
https://vnexpress.net/can-tho-xay-dung-kich-ban-bien-doi-khi-hau-chi-tiet-2209870.html,4,1,0,0,0,3,3,0,0,0,0,0,0,0,0,0,0,0,0,0,0,0,0,0,0,0,0,0,0,0,0,0
https://vnexpress.net/dong-nam-a-bi-anh-huong-nang-do-bien-doi-khi-hau-2209489.html,3,0,0,0,0,0,0,0,0,0,0,0,0,0,0,0,0,0,0,0,0,0,0,0,0,0,0,1,0,1,0,0
https://vnexpress.net/thi-sang-tao-ngoi-nha-ung-pho-bien-doi-khi-hau-2207076.html,7,1,3,0,1,1,1,0,2,0,0,0,0,0,0,0,0,0,0,0,0,0,0,0,0,0,0,0,0,0,0,0
https://vnexpress.net/new-zealand-ra-mat-ba-quy-hoc-bong-ve-bien-doi-khi-hau-2206112.html,1,0,0,0,0,0,0,0,1,0,0,0,1,0,0,0,0,0,0,0,0,0,0,0,0,0,0,0,0,0,0,0
https://vnexpress.net/el-ni-o-co-the-gay-thiet-hai-hang-nghin-ty-usd-4607089.html,5,0,0,0,1,0,0,0,1,0,0,0,0,0,1,0,0,0,1,0,0,0,0,0,0,0,0,4,0,8,0,0
https://vnexpress.net/thanh-pho-trai-qua-26-tran-dong-dat-bang-trong-7-gio-4605681.html,1,0,0,0,0,0,0,0,0,0,0,0,0,0,0,0,0,0,0,0,0,0,0,0,0,0,0,0,0,0,0,0
https://vnexpress.net/tp-hcm-de-xuat-chi-26-000-ty-dong-ung-pho-bien-doi-khi-hau-2202911.html,6,2,0,0,0,0,0,0,0,0,0,0,0,0,0,0,0,0,0,0,0,0,0,0,0,1,0,0,0,0,0,0
https://vnexpress.net/mua-he-2023-nong-nhat-trong-2-000-nam-qua-4746139.html,1,0,0,0,0,0,0,0,2,0,0,0,1,0,0,0,0,0,0,0,0,0,0,0,0,0,0,0,0,0,0,0
https://vnexpress.net/26-nguoi-bi-bat-vi-dao-gieng-tuoi-cay-giua-han-han-4603484.html,1,0,0,0,0,0,0,0,0,0,0,0,0,0,0,0,0,0,0,0,0,0,0,0,0,0,0,0,0,0,0,0
https://vnexpress.net/phan-lan-giup-viet-nam-doi-pho-bien-doi-khi-hau-2201822.html,3,0,0,0,0,0,0,0,0,0,0,0,0,0,0,0,0,0,0,0,0,0,0,0,0,0,0,0,0,0,0,0
https://vnexpress.net/na-uy-se-ho-tro-viet-nam-phat-trien-pin-luu-tru-nang-luong-sach-4683706.html,2,0,0,0,0,0,0,0,0,0,0,0,0,0,0,1,0,0,0,0,0,0,0,0,0,0,0,0,0,0,0,0
https://vnexpress.net/vinfast-trung-bay-vf-9-o-cop28-tai-dubai-4683540.html,2,0,0,0,0,0,0,0,0,0,0,0,0,0,0,0,0,0,0,0,0,0,0,0,0,0,0,0,0,0,0,0
https://vnexpress.net/nhom-nha-hoat-dong-nhuom-den-dai-phun-nuoc-370-nam-tuoi-4602408.html,0,0,0,0,0,0,0,0,0,0,0,0,0,0,0,0,0,0,0,0,0,0,0,0,0,0,0,0,0,0,0,0
https://vnexpress.net/cong-thuy-loi-ngan-man-lon-nhat-mien-trung-4682056.html,2,2,0,0,0,0,0,0,0,0,0,0,0,0,0,0,0,0,0,0,0,0,0,0,0,0,0,0,0,0,0,0
